,name,y_col,time,model_name,sub,r2_score_sub,pmc_score_sub
0,v1_day,phq9_sum,8wks,HistGradientBoostingRegressor,44.0,-3.7938320258050062,-0.5074498108851
1,v1_day,phq9_sum,8wks,HistGradientBoostingRegressor,60.0,-0.15147883960249064,0.020606246877037313
2,v1_day,phq9_sum,8wks,HistGradientBoostingRegressor,1160.0,-0.8320837715450748,0.4981448947157578
3,v1_day,phq9_sum,8wks,HistGradientBoostingRegressor,1264.0,-3.451373783108366,0.5747224568594996
4,v1_day,phq9_sum,8wks,HistGradientBoostingRegressor,1269.0,-4.312604314741931,-0.48282819674874017
5,v1_day,phq9_sum,8wks,HistGradientBoostingRegressor,1335.0,-0.05321743766007336,0.5146154299263979
6,v1_day,phq9_sum,8wks,HistGradientBoostingRegressor,1349.0,-2.0351947186115752e+33,
7,v1_day,phq9_sum,8wks,HistGradientBoostingRegressor,1693.0,-7.587215349162481,-0.11564664910354672
8,v1_day,phq9_sum,8wks,HistGradientBoostingRegressor,1697.0,0.18725113565963825,0.6546164601637631
9,v1_day,phq9_sum,8wks,HistGradientBoostingRegressor,1719.0,-4.980648799929377,0.5484409129021109
10,v1_day,phq9_sum,8wks,HistGradientBoostingRegressor,1721.0,-3.610271772908887,-0.11020249624241292
11,v1_day,phq9_sum,8wks,HistGradientBoostingRegressor,1727.0,-1.3520708235200263,0.82481888646916
12,v1_day,phq9_sum,8wks,HistGradientBoostingRegressor,1730.0,-26.126420713904153,0.4559749894547308
13,v1_day,phq9_sum,8wks,HistGradientBoostingRegressor,1735.0,-1.78483660829736e+31,
14,v1_day,phq9_sum,8wks,HistGradientBoostingRegressor,1736.0,-10.61293469658243,0.8615646113381937
15,v1_day,phq9_sum,8wks,HistGradientBoostingRegressor,1738.0,-0.4437759916168096,-0.0864081608923943
16,v1_day,phq9_sum,8wks,HistGradientBoostingRegressor,1742.0,0.24951744410276644,0.7746430345547116
17,v1_day,phq9_sum,8wks,HistGradientBoostingRegressor,1755.0,-1.064046727772409e+33,
18,v1_day,phq9_sum,8wks,HistGradientBoostingRegressor,1765.0,-7.2876232543655455,0.6799785217760875
19,v1_day,phq9_sum,8wks,HistGradientBoostingRegressor,1766.0,0.41890954048008167,0.7433357705098053
20,v1_day,phq9_sum,8wks,HistGradientBoostingRegressor,1774.0,-30.96032649551656,0.5538935417718385
21,v1_day,phq9_sum,8wks,HistGradientBoostingRegressor,1779.0,-8.384123325873048e+31,
22,v1_day,phq9_sum,8wks,HistGradientBoostingRegressor,1780.0,-0.24095978376935445,0.38332896537798455
23,v1_day,phq9_sum,8wks,HistGradientBoostingRegressor,1801.0,-6.721769284280988,0.17569021241139107
24,v1_day,phq9_sum,8wks,HistGradientBoostingRegressor,1803.0,-2.670752744144422,0.9395827164016989
25,v1_day,phq9_sum,8wks,HistGradientBoostingRegressor,1812.0,-0.26138400885215707,0.6257179526460841
26,v1_day,phq9_sum,8wks,HistGradientBoostingRegressor,1825.0,-1.1691567088659047,-0.1390438270284539
27,v1_day,phq9_sum,8wks,HistGradientBoostingRegressor,1836.0,0.23814626989176868,0.8025225564364291
28,v1_day,phq9_sum,8wks,HistGradientBoostingRegressor,1844.0,-1.7602193585308963,-0.3366460542305979
29,v1_day,phq9_sum,8wks,HistGradientBoostingRegressor,1868.0,-2.600994277155229,-0.1836222421271659
30,v1_day,phq9_sum,8wks,HistGradientBoostingRegressor,1870.0,-6.671258180484591,0.813998112853754
31,v1_day,phq9_sum,8wks,HistGradientBoostingRegressor,1871.0,-6.629183067603985,0.5820655290469763
32,v1_day,phq9_sum,8wks,HistGradientBoostingRegressor,1886.0,0.9243802506935315,0.9820374318847906
33,v1_day,phq9_sum,8wks,HistGradientBoostingRegressor,1899.0,-22.91227121398601,0.44434964670284083
34,v1_day,phq9_sum,8wks,HistGradientBoostingRegressor,1903.0,-0.7343356965056365,-0.21209035910091334
35,v1_day,phq9_sum,8wks,HistGradientBoostingRegressor,1912.0,-1.282457466086755,0.6033261744159072
36,v1_day,phq9_sum,both,HistGradientBoostingRegressor,44.0,-0.13864560275736193,0.1825932981315718
37,v1_day,phq9_sum,both,HistGradientBoostingRegressor,60.0,-0.1446726668417737,0.23823977675669872
38,v1_day,phq9_sum,both,HistGradientBoostingRegressor,1160.0,0.05944292499277626,0.2539011922344457
39,v1_day,phq9_sum,both,HistGradientBoostingRegressor,1264.0,-10.369873047696776,0.2307136051353013
40,v1_day,phq9_sum,both,HistGradientBoostingRegressor,1269.0,-0.5167384804960544,0.15450342283602622
41,v1_day,phq9_sum,both,HistGradientBoostingRegressor,1335.0,0.200591119540537,0.8657166016883271
42,v1_day,phq9_sum,both,HistGradientBoostingRegressor,1349.0,-1.2142711384132234e+34,
43,v1_day,phq9_sum,both,HistGradientBoostingRegressor,1693.0,-8.019827843078085,0.03244457244995355
44,v1_day,phq9_sum,both,HistGradientBoostingRegressor,1697.0,-0.8876684791913558,0.43227764015715314
45,v1_day,phq9_sum,both,HistGradientBoostingRegressor,1719.0,-5.656304357302501,0.603092993276675
46,v1_day,phq9_sum,both,HistGradientBoostingRegressor,1721.0,-3.6156667990078892,0.2780824969402906
47,v1_day,phq9_sum,both,HistGradientBoostingRegressor,1727.0,-4.916708922771837,0.6223724233002039
48,v1_day,phq9_sum,both,HistGradientBoostingRegressor,1730.0,-0.2871605007870688,0.8858309836312326
49,v1_day,phq9_sum,both,HistGradientBoostingRegressor,1735.0,-9.232653714216042e+30,
50,v1_day,phq9_sum,both,HistGradientBoostingRegressor,1736.0,-2.555889240546502,0.8530209009189308
51,v1_day,phq9_sum,both,HistGradientBoostingRegressor,1738.0,-0.1093432553124638,0.41604282403093684
52,v1_day,phq9_sum,both,HistGradientBoostingRegressor,1742.0,0.19340655475150859,0.589082996377931
53,v1_day,phq9_sum,both,HistGradientBoostingRegressor,1755.0,-1.9327204165685e+34,
54,v1_day,phq9_sum,both,HistGradientBoostingRegressor,1765.0,-6.202282429111995,0.5542916466490915
55,v1_day,phq9_sum,both,HistGradientBoostingRegressor,1766.0,-0.5520001033772572,-0.38671068401741887
56,v1_day,phq9_sum,both,HistGradientBoostingRegressor,1774.0,-71.3195022473192,0.33429448718879673
57,v1_day,phq9_sum,both,HistGradientBoostingRegressor,1779.0,-4.561221565943989e+30,
58,v1_day,phq9_sum,both,HistGradientBoostingRegressor,1780.0,-0.23828034223757544,0.37210621973165
59,v1_day,phq9_sum,both,HistGradientBoostingRegressor,1801.0,-6.1772474362478835,-0.06199380933043481
60,v1_day,phq9_sum,both,HistGradientBoostingRegressor,1803.0,-0.6727047496059513,0.9535693086157123
61,v1_day,phq9_sum,both,HistGradientBoostingRegressor,1812.0,-0.04871036789876859,0.6756038622029367
62,v1_day,phq9_sum,both,HistGradientBoostingRegressor,1825.0,-0.4735923065384471,0.04644365404424467
63,v1_day,phq9_sum,both,HistGradientBoostingRegressor,1836.0,0.2199245028258875,0.8189786541822908
64,v1_day,phq9_sum,both,HistGradientBoostingRegressor,1844.0,-5.8803536157526235,-0.5979045471844877
65,v1_day,phq9_sum,both,HistGradientBoostingRegressor,1868.0,-1.1582886038264273,-0.22114871104901948
66,v1_day,phq9_sum,both,HistGradientBoostingRegressor,1870.0,-6.063229010040631,0.5408422685356621
67,v1_day,phq9_sum,both,HistGradientBoostingRegressor,1871.0,0.4382172650143533,0.7464510374748703
68,v1_day,phq9_sum,both,HistGradientBoostingRegressor,1886.0,0.6952992565286996,0.8856471515707691
69,v1_day,phq9_sum,both,HistGradientBoostingRegressor,1899.0,-10.693040674222495,0.46569817227057575
70,v1_day,phq9_sum,both,HistGradientBoostingRegressor,1903.0,-0.3487826915727299,0.034008648953472165
71,v1_day,phq9_sum,both,HistGradientBoostingRegressor,1912.0,-0.4248209910965761,0.7637259981052217
72,v1_day,phq9_sum,only_sensor,HistGradientBoostingRegressor,44.0,0.24448500582562405,0.7047092914901741
73,v1_day,phq9_sum,only_sensor,HistGradientBoostingRegressor,60.0,-0.40579244387221025,0.007763439361344916
74,v1_day,phq9_sum,only_sensor,HistGradientBoostingRegressor,1160.0,-7.013087128356048,0.64142177291074
75,v1_day,phq9_sum,only_sensor,HistGradientBoostingRegressor,1264.0,-11.591337569571753,0.2335763466306714
76,v1_day,phq9_sum,only_sensor,HistGradientBoostingRegressor,1269.0,0.42465597632460383,0.7706717753981952
77,v1_day,phq9_sum,only_sensor,HistGradientBoostingRegressor,1335.0,-0.7668012762592249,0.029322822909916668
78,v1_day,phq9_sum,only_sensor,HistGradientBoostingRegressor,1349.0,-3.519436374533819e+33,
79,v1_day,phq9_sum,only_sensor,HistGradientBoostingRegressor,1693.0,-8.6817023224131,0.35981640720084745
80,v1_day,phq9_sum,only_sensor,HistGradientBoostingRegressor,1697.0,-1.1153966492184662,0.4219036097010383
81,v1_day,phq9_sum,only_sensor,HistGradientBoostingRegressor,1719.0,0.05485884104470273,0.46717372308244376
82,v1_day,phq9_sum,only_sensor,HistGradientBoostingRegressor,1721.0,-1.4144449249642879,0.2081965013979488
83,v1_day,phq9_sum,only_sensor,HistGradientBoostingRegressor,1727.0,-0.07110995423629851,0.39021138146269013
84,v1_day,phq9_sum,only_sensor,HistGradientBoostingRegressor,1730.0,-3.307856875751967,0.5799412786698491
85,v1_day,phq9_sum,only_sensor,HistGradientBoostingRegressor,1735.0,-2.9644185559388416e+31,
86,v1_day,phq9_sum,only_sensor,HistGradientBoostingRegressor,1736.0,-1.194407479441927,0.2596602421542241
87,v1_day,phq9_sum,only_sensor,HistGradientBoostingRegressor,1738.0,0.1763520529318815,0.6592724008887318
88,v1_day,phq9_sum,only_sensor,HistGradientBoostingRegressor,1742.0,-0.6568562486294702,-0.4336824713220298
89,v1_day,phq9_sum,only_sensor,HistGradientBoostingRegressor,1755.0,-3.759762113533097e+34,
90,v1_day,phq9_sum,only_sensor,HistGradientBoostingRegressor,1765.0,-9.486747801565203,0.21748115108413402
91,v1_day,phq9_sum,only_sensor,HistGradientBoostingRegressor,1766.0,-1.7114447315163641,-0.08829917816654162
92,v1_day,phq9_sum,only_sensor,HistGradientBoostingRegressor,1774.0,-219.66763633296634,0.5081921948573302
93,v1_day,phq9_sum,only_sensor,HistGradientBoostingRegressor,1779.0,-7.849920727617363e+31,
94,v1_day,phq9_sum,only_sensor,HistGradientBoostingRegressor,1780.0,-0.6596668123452929,0.38298132310016514
95,v1_day,phq9_sum,only_sensor,HistGradientBoostingRegressor,1801.0,-4.146248469744754,0.21507419682665282
96,v1_day,phq9_sum,only_sensor,HistGradientBoostingRegressor,1803.0,-9.044060196677354,0.6751306938785417
97,v1_day,phq9_sum,only_sensor,HistGradientBoostingRegressor,1812.0,-0.02597929523814635,0.725630919658793
98,v1_day,phq9_sum,only_sensor,HistGradientBoostingRegressor,1825.0,-0.8342050953444582,-0.1830339431028752
99,v1_day,phq9_sum,only_sensor,HistGradientBoostingRegressor,1836.0,-0.09960924340352695,0.5728613470857765
100,v1_day,phq9_sum,only_sensor,HistGradientBoostingRegressor,1844.0,-18.980849460873518,-0.054769307438412684
101,v1_day,phq9_sum,only_sensor,HistGradientBoostingRegressor,1868.0,-4.29108994573386,-0.28200249088073914
102,v1_day,phq9_sum,only_sensor,HistGradientBoostingRegressor,1870.0,-16.62649427042918,0.41511975784922284
103,v1_day,phq9_sum,only_sensor,HistGradientBoostingRegressor,1871.0,-0.7967608417308554,0.31834159972269627
104,v1_day,phq9_sum,only_sensor,HistGradientBoostingRegressor,1886.0,0.727988591242362,0.9767424996961029
105,v1_day,phq9_sum,only_sensor,HistGradientBoostingRegressor,1899.0,-30.334023958501533,0.8767706957477002
106,v1_day,phq9_sum,only_sensor,HistGradientBoostingRegressor,1903.0,-0.09083884630559269,0.383463948855331
107,v1_day,phq9_sum,only_sensor,HistGradientBoostingRegressor,1912.0,-2.0130367342796474,-0.3644945392674971
108,v1_day,phq2_sum,only_sensor,HistGradientBoostingRegressor,13.0,-0.15801214773980155,0.009653261250360243
109,v1_day,phq2_sum,only_sensor,HistGradientBoostingRegressor,17.0,-0.5934018236664216,-0.0429172955111475
110,v1_day,phq2_sum,only_sensor,HistGradientBoostingRegressor,60.0,-0.7236724605425024,-0.16416656328293214
111,v1_day,phq2_sum,only_sensor,HistGradientBoostingRegressor,94.0,-0.022117092547112804,0.021699572888101103
112,v1_day,phq2_sum,only_sensor,HistGradientBoostingRegressor,95.0,-0.9268223012144072,0.1703060518626678
113,v1_day,phq2_sum,only_sensor,HistGradientBoostingRegressor,105.0,-0.3591286267687195,0.01960236535164631
114,v1_day,phq2_sum,only_sensor,HistGradientBoostingRegressor,140.0,-0.060063021059000965,0.22611078534321327
115,v1_day,phq2_sum,only_sensor,HistGradientBoostingRegressor,1173.0,0.016309195178658253,0.18139012111147623
116,v1_day,phq2_sum,only_sensor,HistGradientBoostingRegressor,1206.0,-41.96348566579417,-0.5481038079763202
117,v1_day,phq2_sum,only_sensor,HistGradientBoostingRegressor,1238.0,-0.06893849430642307,0.027180670691345082
118,v1_day,phq2_sum,only_sensor,HistGradientBoostingRegressor,1240.0,-2.529737377724288,-0.13421648484965965
119,v1_day,phq2_sum,only_sensor,HistGradientBoostingRegressor,1264.0,-25.46598098972071,0.03332797111482773
120,v1_day,phq2_sum,only_sensor,HistGradientBoostingRegressor,1308.0,-0.26283463526772555,-0.019667788376295795
121,v1_day,phq2_sum,only_sensor,HistGradientBoostingRegressor,1349.0,-0.050026152273980884,0.13539634559967348
122,v1_day,phq2_sum,only_sensor,HistGradientBoostingRegressor,1401.0,-0.11069818985356816,0.17302088818206426
123,v1_day,phq2_sum,only_sensor,HistGradientBoostingRegressor,1698.0,0.0,
124,v1_day,phq2_sum,only_sensor,HistGradientBoostingRegressor,1730.0,-1.1385905207321918,0.17941759620550776
125,v1_day,phq2_sum,only_sensor,HistGradientBoostingRegressor,1735.0,-4.814950318788523e+31,
126,v1_day,phq2_sum,only_sensor,HistGradientBoostingRegressor,1753.0,-0.5899542783597151,-0.2383374883635607
127,v1_day,phq2_sum,only_sensor,HistGradientBoostingRegressor,1771.0,-0.7100212432006894,-0.033395180057797486
128,v1_day,phq2_sum,only_sensor,HistGradientBoostingRegressor,1787.0,-91.2141302657487,0.21685402193939862
129,v1_day,phq2_sum,only_sensor,HistGradientBoostingRegressor,1795.0,-0.13160662204824392,-0.0717149093910903
130,v1_day,phq2_sum,only_sensor,HistGradientBoostingRegressor,1798.0,-0.23452974754880151,0.25346410292039806
131,v1_day,phq2_sum,only_sensor,HistGradientBoostingRegressor,1799.0,-0.9707229298686144,-0.1326378514592223
132,v1_day,phq2_sum,only_sensor,HistGradientBoostingRegressor,1830.0,-1.6212739237964153,-0.30903717662169555
133,v1_day,phq2_sum,only_sensor,HistGradientBoostingRegressor,1835.0,-0.5148731834399238,-0.3885882978105203
134,v1_day,phq2_sum,only_sensor,HistGradientBoostingRegressor,1840.0,-1.1309832649672704,0.03302299597320096
135,v1_day,phq2_sum,only_sensor,HistGradientBoostingRegressor,1849.0,-17.341034807190237,0.022223753129291965
136,v1_day,phq2_sum,only_sensor,HistGradientBoostingRegressor,1859.0,-3.6246814292314244,-0.02470336985264145
137,v1_day,phq2_sum,only_sensor,HistGradientBoostingRegressor,1866.0,-1.0593259500562393,0.25230750761083176
138,v1_day,phq2_sum,only_sensor,HistGradientBoostingRegressor,1871.0,-0.06923568854413253,-0.009672349732567734
139,v1_day,phq2_sum,only_sensor,HistGradientBoostingRegressor,1886.0,0.19827265782471848,0.5961141414116249
140,v1_day,phq2_sum,only_sensor,HistGradientBoostingRegressor,1891.0,-0.5822898064997422,-0.3374156836411975
141,v1_day,phq2_sum,only_sensor,HistGradientBoostingRegressor,1893.0,-0.9839236582817261,-0.28083405917293763
142,v1_day,phq2_sum,only_sensor,HistGradientBoostingRegressor,1896.0,-0.21576158041970528,0.3274398302056587
143,v1_day,phq2_sum,only_sensor,HistGradientBoostingRegressor,1898.0,-0.14267712153501244,0.09379179250469533
144,v1_day,phq2_sum,only_sensor,HistGradientBoostingRegressor,1908.0,-0.5510000934378312,0.06263783933283347
145,v2_day,phq9_sum,8wks,HistGradientBoostingRegressor,187.0,-11.904112418082393,-0.37547489399545286
146,v2_day,phq9_sum,8wks,HistGradientBoostingRegressor,202.0,-0.7330159323636596,-0.015079484935978998
147,v2_day,phq9_sum,8wks,HistGradientBoostingRegressor,217.0,-11.829485328616547,0.08204888978881311
148,v2_day,phq9_sum,8wks,HistGradientBoostingRegressor,240.0,0.2960707856387276,0.6018158623437395
149,v2_day,phq9_sum,8wks,HistGradientBoostingRegressor,260.0,-12.276327858568097,-0.7331638350507297
150,v2_day,phq9_sum,8wks,HistGradientBoostingRegressor,267.0,-0.26089893298366373,0.6031886658666075
151,v2_day,phq9_sum,8wks,HistGradientBoostingRegressor,280.0,-12.464505350087181,0.48862210320826915
152,v2_day,phq9_sum,8wks,HistGradientBoostingRegressor,290.0,-2.7245560461569513,-0.7895700663928513
153,v2_day,phq9_sum,8wks,HistGradientBoostingRegressor,338.0,-0.9584470365400075,-0.15535532733412913
154,v2_day,phq9_sum,8wks,HistGradientBoostingRegressor,358.0,-15.849976797413493,0.240638796408573
155,v2_day,phq9_sum,8wks,HistGradientBoostingRegressor,370.0,0.6024717578628693,0.986453427733422
156,v2_day,phq9_sum,8wks,HistGradientBoostingRegressor,392.0,-5.616752193022186,-0.6543633887045729
157,v2_day,phq9_sum,8wks,HistGradientBoostingRegressor,407.0,-3.807380147453265,-0.07081944924070453
158,v2_day,phq9_sum,8wks,HistGradientBoostingRegressor,450.0,-0.008779027673940787,0.10793386416762837
159,v2_day,phq9_sum,8wks,HistGradientBoostingRegressor,594.0,-27.9182329252039,0.6953219007956486
160,v2_day,phq9_sum,8wks,HistGradientBoostingRegressor,595.0,-3.257574100161799,0.3577019274011074
161,v2_day,phq9_sum,8wks,HistGradientBoostingRegressor,705.0,-2.994031731510879,-0.16063009371759837
162,v2_day,phq9_sum,8wks,HistGradientBoostingRegressor,715.0,-5.335079791071567,0.6850756337424471
163,v2_day,phq9_sum,8wks,HistGradientBoostingRegressor,742.0,-4.785419369011438,0.16522796017167715
164,v2_day,phq9_sum,8wks,HistGradientBoostingRegressor,758.0,-6.628464375447301,0.9756630373036234
165,v2_day,phq9_sum,8wks,HistGradientBoostingRegressor,779.0,-0.7591278952165308,0.9557915015200701
166,v2_day,phq9_sum,8wks,HistGradientBoostingRegressor,808.0,0.2591452235770545,0.658308467710712
167,v2_day,phq9_sum,8wks,HistGradientBoostingRegressor,907.0,0.0,
168,v2_day,phq9_sum,8wks,HistGradientBoostingRegressor,934.0,0.351561105041602,0.6179800497060761
169,v2_day,phq9_sum,8wks,HistGradientBoostingRegressor,1018.0,-2.144745069685747e+32,
170,v2_day,phq9_sum,8wks,HistGradientBoostingRegressor,1023.0,0.0,
171,v2_day,phq9_sum,8wks,HistGradientBoostingRegressor,1030.0,0.0,
172,v2_day,phq9_sum,8wks,HistGradientBoostingRegressor,1075.0,-13.422910516842416,0.07345141145070476
173,v2_day,phq9_sum,8wks,HistGradientBoostingRegressor,1101.0,-6.670193950311849e+30,
174,v2_day,phq9_sum,both,HistGradientBoostingRegressor,187.0,-16.696196309599493,-0.24312719317466566
175,v2_day,phq9_sum,both,HistGradientBoostingRegressor,202.0,-3.8619386762229304,-0.13578567786063991
176,v2_day,phq9_sum,both,HistGradientBoostingRegressor,217.0,-7.936478389526862,0.3400625541961222
177,v2_day,phq9_sum,both,HistGradientBoostingRegressor,240.0,0.18517798783245865,0.4646066021826534
178,v2_day,phq9_sum,both,HistGradientBoostingRegressor,260.0,-10.186523458581373,-0.8553518806966429
179,v2_day,phq9_sum,both,HistGradientBoostingRegressor,267.0,-0.5487294020994538,0.44912792675436225
180,v2_day,phq9_sum,both,HistGradientBoostingRegressor,280.0,-5.609534705003372,-0.3411452762076366
181,v2_day,phq9_sum,both,HistGradientBoostingRegressor,290.0,-3.4828549710934347,-0.7798531950775256
182,v2_day,phq9_sum,both,HistGradientBoostingRegressor,338.0,-1.9134991644240582,-0.07561862142896668
183,v2_day,phq9_sum,both,HistGradientBoostingRegressor,358.0,-11.726371090132279,0.25627010980783016
184,v2_day,phq9_sum,both,HistGradientBoostingRegressor,370.0,0.4683069979595901,0.9988724577151035
185,v2_day,phq9_sum,both,HistGradientBoostingRegressor,392.0,-10.455498965583697,-0.6403442857206906
186,v2_day,phq9_sum,both,HistGradientBoostingRegressor,407.0,-1.482186015396152,0.20867624911267563
187,v2_day,phq9_sum,both,HistGradientBoostingRegressor,450.0,0.006379708189473865,0.20825978630165468
188,v2_day,phq9_sum,both,HistGradientBoostingRegressor,594.0,-21.011930356915304,0.7468975819661015
189,v2_day,phq9_sum,both,HistGradientBoostingRegressor,595.0,-5.323616725796171,0.42811201718393993
190,v2_day,phq9_sum,both,HistGradientBoostingRegressor,705.0,-3.383366629224894,-0.6944645897473471
191,v2_day,phq9_sum,both,HistGradientBoostingRegressor,715.0,-6.265294998695794,0.24467072636585036
192,v2_day,phq9_sum,both,HistGradientBoostingRegressor,742.0,-4.750154984629705,0.1716474605364263
193,v2_day,phq9_sum,both,HistGradientBoostingRegressor,758.0,-5.358863652320888,0.9438126330331816
194,v2_day,phq9_sum,both,HistGradientBoostingRegressor,779.0,-0.765942656757179,0.9396743596338637
195,v2_day,phq9_sum,both,HistGradientBoostingRegressor,808.0,-0.9677625626467095,0.6141688087518762
196,v2_day,phq9_sum,both,HistGradientBoostingRegressor,907.0,0.0,
197,v2_day,phq9_sum,both,HistGradientBoostingRegressor,934.0,-0.02556093868900522,0.3570320806806344
198,v2_day,phq9_sum,both,HistGradientBoostingRegressor,1018.0,-2.147585133733657e+32,
199,v2_day,phq9_sum,both,HistGradientBoostingRegressor,1023.0,0.0,
200,v2_day,phq9_sum,both,HistGradientBoostingRegressor,1030.0,0.0,
201,v2_day,phq9_sum,both,HistGradientBoostingRegressor,1075.0,-11.229852694521645,0.2965093967111109
202,v2_day,phq9_sum,both,HistGradientBoostingRegressor,1101.0,-7.38937520914098e+30,
203,v2_day,phq9_sum,only_sensor,HistGradientBoostingRegressor,187.0,-6.008613853575397,-0.5587229091857747
204,v2_day,phq9_sum,only_sensor,HistGradientBoostingRegressor,202.0,-13.669509487437493,-0.10509526605015075
205,v2_day,phq9_sum,only_sensor,HistGradientBoostingRegressor,217.0,-20.522126816147757,0.2114828283277686
206,v2_day,phq9_sum,only_sensor,HistGradientBoostingRegressor,240.0,-6.591965500700636,0.45817260526734344
207,v2_day,phq9_sum,only_sensor,HistGradientBoostingRegressor,260.0,-11.893618684603792,0.6114981759182756
208,v2_day,phq9_sum,only_sensor,HistGradientBoostingRegressor,267.0,-0.6008869397586531,-0.059063799411754346
209,v2_day,phq9_sum,only_sensor,HistGradientBoostingRegressor,280.0,-16.606213045371472,-0.11890128238929883
210,v2_day,phq9_sum,only_sensor,HistGradientBoostingRegressor,290.0,0.002736146399774375,0.38209498055281754
211,v2_day,phq9_sum,only_sensor,HistGradientBoostingRegressor,338.0,-2.7701959285775635,-0.6273240422703594
212,v2_day,phq9_sum,only_sensor,HistGradientBoostingRegressor,358.0,-0.20243958434242826,0.36440280837328315
213,v2_day,phq9_sum,only_sensor,HistGradientBoostingRegressor,370.0,-0.5809860256904831,-0.9466344681421517
214,v2_day,phq9_sum,only_sensor,HistGradientBoostingRegressor,392.0,-1.1025762142199733,0.1011472502187905
215,v2_day,phq9_sum,only_sensor,HistGradientBoostingRegressor,407.0,-2.1730229474108813,-0.3534400318744277
216,v2_day,phq9_sum,only_sensor,HistGradientBoostingRegressor,450.0,-0.45086037513425814,-0.834911395539387
217,v2_day,phq9_sum,only_sensor,HistGradientBoostingRegressor,594.0,-25.81876213042273,-0.6951188448833835
218,v2_day,phq9_sum,only_sensor,HistGradientBoostingRegressor,595.0,-5.217965391003102,-0.23427417884066246
219,v2_day,phq9_sum,only_sensor,HistGradientBoostingRegressor,705.0,-284.71905794747994,-0.7092745541070185
220,v2_day,phq9_sum,only_sensor,HistGradientBoostingRegressor,715.0,-3.4273635036032166,-0.19596680708164232
221,v2_day,phq9_sum,only_sensor,HistGradientBoostingRegressor,742.0,-1.3320110051187157,-0.13636722271033466
222,v2_day,phq9_sum,only_sensor,HistGradientBoostingRegressor,758.0,-49.760211867002695,-0.9616632057127843
223,v2_day,phq9_sum,only_sensor,HistGradientBoostingRegressor,779.0,-1.2043255995612094,0.26356720938972417
224,v2_day,phq9_sum,only_sensor,HistGradientBoostingRegressor,808.0,-5.009357149779253,0.10313712458687568
225,v2_day,phq9_sum,only_sensor,HistGradientBoostingRegressor,907.0,0.0,
226,v2_day,phq9_sum,only_sensor,HistGradientBoostingRegressor,934.0,-1.4843662633107395,0.41169396220034815
227,v2_day,phq9_sum,only_sensor,HistGradientBoostingRegressor,1018.0,-2.0077721441637255e+32,
228,v2_day,phq9_sum,only_sensor,HistGradientBoostingRegressor,1023.0,0.0,
229,v2_day,phq9_sum,only_sensor,HistGradientBoostingRegressor,1030.0,0.0,
230,v2_day,phq9_sum,only_sensor,HistGradientBoostingRegressor,1075.0,-33.133090895395945,-0.5873395611821117
231,v2_day,phq9_sum,only_sensor,HistGradientBoostingRegressor,1101.0,-4.371577719256914e+31,
232,v2_day,phq2_sum,only_sensor,HistGradientBoostingRegressor,161.0,-3.847876463329066,-0.07695334415354028
233,v2_day,phq2_sum,only_sensor,HistGradientBoostingRegressor,254.0,0.02701289126648254,0.5812469166336615
234,v2_day,phq2_sum,only_sensor,HistGradientBoostingRegressor,262.0,-1.846297074452266,0.07922703027474064
235,v2_day,phq2_sum,only_sensor,HistGradientBoostingRegressor,268.0,-2.1586380371321994,-0.44468492898611306
236,v2_day,phq2_sum,only_sensor,HistGradientBoostingRegressor,290.0,-0.9225461835613817,-0.5528110106694948
237,v2_day,phq2_sum,only_sensor,HistGradientBoostingRegressor,307.0,-6.168947948662991,0.2195540241213512
238,v2_day,phq2_sum,only_sensor,HistGradientBoostingRegressor,331.0,-1.8725546904749044,0.020950509967972628
239,v2_day,phq2_sum,only_sensor,HistGradientBoostingRegressor,338.0,-1.4841782188762327,-0.003007640549158614
240,v2_day,phq2_sum,only_sensor,HistGradientBoostingRegressor,359.0,-3.2622325251205977,0.14506934327845952
241,v2_day,phq2_sum,only_sensor,HistGradientBoostingRegressor,360.0,-14.509643492460237,0.15268006990818117
242,v2_day,phq2_sum,only_sensor,HistGradientBoostingRegressor,379.0,-4.039276495595421,0.026926271370379593
243,v2_day,phq2_sum,only_sensor,HistGradientBoostingRegressor,407.0,-14.818430245292413,0.24676512693586408
244,v2_day,phq2_sum,only_sensor,HistGradientBoostingRegressor,484.0,-0.4334655134851302,-0.158002356352714
245,v2_day,phq2_sum,only_sensor,HistGradientBoostingRegressor,513.0,-0.15833654121664065,-0.005643002891605552
246,v2_day,phq2_sum,only_sensor,HistGradientBoostingRegressor,578.0,-0.6861504436088595,0.07702395622487054
247,v2_day,phq2_sum,only_sensor,HistGradientBoostingRegressor,644.0,-0.6408135504007777,-0.315644925594894
248,v2_day,phq2_sum,only_sensor,HistGradientBoostingRegressor,657.0,-3.431082936180447,-0.22480270371272454
249,v2_day,phq2_sum,only_sensor,HistGradientBoostingRegressor,688.0,-0.47798903130346115,-0.15831464162968703
250,v2_day,phq2_sum,only_sensor,HistGradientBoostingRegressor,754.0,-0.7797616129714027,-0.118214672335312
251,v2_day,phq2_sum,only_sensor,HistGradientBoostingRegressor,769.0,-0.19696694870263354,0.09297461505089663
252,v2_day,phq2_sum,only_sensor,HistGradientBoostingRegressor,779.0,-0.12762366941085812,0.028605561005142922
253,v2_day,phq2_sum,only_sensor,HistGradientBoostingRegressor,780.0,-51.05012529474291,-0.25141721423514135
254,v2_day,phq2_sum,only_sensor,HistGradientBoostingRegressor,830.0,-0.3402995453357174,-0.153226543050201
255,v2_day,phq2_sum,only_sensor,HistGradientBoostingRegressor,856.0,-0.9217448766601721,0.06523697465707602
256,v2_day,phq2_sum,only_sensor,HistGradientBoostingRegressor,879.0,-0.1529651339411533,0.02983409550029006
257,v2_day,phq2_sum,only_sensor,HistGradientBoostingRegressor,882.0,-0.2875414568147825,-0.11253619659831779
258,v2_day,phq2_sum,only_sensor,HistGradientBoostingRegressor,900.0,-0.7084579871602559,0.06046989996650202
259,v2_day,phq2_sum,only_sensor,HistGradientBoostingRegressor,913.0,0.030018925446869793,0.31669174700480823
260,v2_day,phq2_sum,only_sensor,HistGradientBoostingRegressor,928.0,-1.5461217385744157,-0.086585069520914
261,v2_day,phq2_sum,only_sensor,HistGradientBoostingRegressor,1075.0,-0.0886969401334019,-0.1319977751315511
262,v2_day,phq2_sum,only_sensor,HistGradientBoostingRegressor,1100.0,0.18593402306461315,0.4958107904154853
263,v1_week,phq9_sum,8wks,HistGradientBoostingRegressor,29.0,-6.1060181033967345,0.6057198561142432
264,v1_week,phq9_sum,8wks,HistGradientBoostingRegressor,95.0,0.06943010873621747,0.6788565347476502
265,v1_week,phq9_sum,8wks,HistGradientBoostingRegressor,1173.0,-17.45810404808457,0.8297707068024593
266,v1_week,phq9_sum,8wks,HistGradientBoostingRegressor,1203.0,-1.0962675445189234,0.47399785645956183
267,v1_week,phq9_sum,8wks,HistGradientBoostingRegressor,1243.0,0.34959746483531384,0.8718487676904492
268,v1_week,phq9_sum,8wks,HistGradientBoostingRegressor,1272.0,-0.3540984728304022,0.02136892588941568
269,v1_week,phq9_sum,8wks,HistGradientBoostingRegressor,1288.0,-3.1452837773122884,0.5391101534827702
270,v1_week,phq9_sum,8wks,HistGradientBoostingRegressor,1323.0,-0.5297916127412892,0.5618542227806282
271,v1_week,phq9_sum,8wks,HistGradientBoostingRegressor,1335.0,0.46870830130518804,0.9525951505854785
272,v1_week,phq9_sum,8wks,HistGradientBoostingRegressor,1399.0,-7.950481455852195,0.9706857946520818
273,v1_week,phq9_sum,8wks,HistGradientBoostingRegressor,1401.0,-0.5776491796435228,0.7422638559229334
274,v1_week,phq9_sum,8wks,HistGradientBoostingRegressor,1424.0,-356.63338567134736,0.3458584251440308
275,v1_week,phq9_sum,8wks,HistGradientBoostingRegressor,1688.0,-1.0833109629780475,0.18884901828297831
276,v1_week,phq9_sum,8wks,HistGradientBoostingRegressor,1701.0,-0.045422351969185204,0.9939238341841735
277,v1_week,phq9_sum,8wks,HistGradientBoostingRegressor,1718.0,-3.5946898324530547,0.20997907686689646
278,v1_week,phq9_sum,8wks,HistGradientBoostingRegressor,1725.0,-16.47362155158868,-0.46444997126503046
279,v1_week,phq9_sum,8wks,HistGradientBoostingRegressor,1744.0,0.6753545631304548,0.8742439544732947
280,v1_week,phq9_sum,8wks,HistGradientBoostingRegressor,1746.0,-0.20194488691416557,0.1857161282732757
281,v1_week,phq9_sum,8wks,HistGradientBoostingRegressor,1749.0,-0.14487328135236877,0.2118662939307741
282,v1_week,phq9_sum,8wks,HistGradientBoostingRegressor,1757.0,-6.610348681158147,0.4598636400034943
283,v1_week,phq9_sum,8wks,HistGradientBoostingRegressor,1765.0,-19.068957065048792,0.6250596005171505
284,v1_week,phq9_sum,8wks,HistGradientBoostingRegressor,1801.0,-2.3871598643741185,-0.4349147682839443
285,v1_week,phq9_sum,8wks,HistGradientBoostingRegressor,1824.0,-0.27726001177897386,0.6475819273395522
286,v1_week,phq9_sum,8wks,HistGradientBoostingRegressor,1827.0,0.4777644837863133,0.703676194781438
287,v1_week,phq9_sum,8wks,HistGradientBoostingRegressor,1829.0,0.2553760987252456,0.6568987605422191
288,v1_week,phq9_sum,8wks,HistGradientBoostingRegressor,1846.0,0.02419059351895725,0.7137541848791816
289,v1_week,phq9_sum,8wks,HistGradientBoostingRegressor,1861.0,-0.3733729213552741,0.5297192486789842
290,v1_week,phq9_sum,8wks,HistGradientBoostingRegressor,1862.0,0.43337411495972455,0.9872962372602851
291,v1_week,phq9_sum,8wks,HistGradientBoostingRegressor,1883.0,-8.613910722393447,0.6755706929435193
292,v1_week,phq9_sum,8wks,HistGradientBoostingRegressor,1893.0,-0.6446220877233768,0.5809640341155987
293,v1_week,phq9_sum,8wks,HistGradientBoostingRegressor,1896.0,-1.5829661811347289,0.8981517338834142
294,v1_week,phq9_sum,8wks,HistGradientBoostingRegressor,1905.0,-9.983253546904496,0.02064103298491456
295,v1_week,phq9_sum,8wks,HistGradientBoostingRegressor,1908.0,-0.33293767038357736,0.18158544569084603
296,v1_week,phq9_sum,both,HistGradientBoostingRegressor,29.0,-5.469360735160843,0.5824561507468832
297,v1_week,phq9_sum,both,HistGradientBoostingRegressor,95.0,-0.018409301663677935,0.7084178574300513
298,v1_week,phq9_sum,both,HistGradientBoostingRegressor,1173.0,-15.451816359232467,0.8220507784031001
299,v1_week,phq9_sum,both,HistGradientBoostingRegressor,1203.0,-1.7463287240964789,0.4236753027413117
300,v1_week,phq9_sum,both,HistGradientBoostingRegressor,1243.0,0.5882578541707999,0.9154201202260461
301,v1_week,phq9_sum,both,HistGradientBoostingRegressor,1272.0,-0.5097672145857093,-0.09754357411885538
302,v1_week,phq9_sum,both,HistGradientBoostingRegressor,1288.0,-4.891475055626593,0.43315044879058034
303,v1_week,phq9_sum,both,HistGradientBoostingRegressor,1323.0,-1.6860468257098207,0.5513110049881028
304,v1_week,phq9_sum,both,HistGradientBoostingRegressor,1335.0,0.4020987167934327,0.9951176419434019
305,v1_week,phq9_sum,both,HistGradientBoostingRegressor,1399.0,-14.938663074234611,0.9961109916814606
306,v1_week,phq9_sum,both,HistGradientBoostingRegressor,1401.0,-0.13656979620910503,0.833763608161039
307,v1_week,phq9_sum,both,HistGradientBoostingRegressor,1424.0,-387.900084164958,0.521316512423939
308,v1_week,phq9_sum,both,HistGradientBoostingRegressor,1688.0,-1.5544790540867162,0.3396328386711748
309,v1_week,phq9_sum,both,HistGradientBoostingRegressor,1701.0,-1.0853653874941425,0.9799004768824157
310,v1_week,phq9_sum,both,HistGradientBoostingRegressor,1718.0,-3.898545850894841,-0.32510748169865583
311,v1_week,phq9_sum,both,HistGradientBoostingRegressor,1725.0,-21.877756534987775,-0.43837236715367867
312,v1_week,phq9_sum,both,HistGradientBoostingRegressor,1744.0,0.7036101850112718,0.9546419955572873
313,v1_week,phq9_sum,both,HistGradientBoostingRegressor,1746.0,0.04045606415652747,0.45591870211957564
314,v1_week,phq9_sum,both,HistGradientBoostingRegressor,1749.0,-0.2819400222993482,-0.07904130236668072
315,v1_week,phq9_sum,both,HistGradientBoostingRegressor,1757.0,-10.090547459420685,0.23957202323057009
316,v1_week,phq9_sum,both,HistGradientBoostingRegressor,1765.0,-15.911611015283242,0.7481572531191437
317,v1_week,phq9_sum,both,HistGradientBoostingRegressor,1801.0,-3.419322086919217,-0.3645840869832237
318,v1_week,phq9_sum,both,HistGradientBoostingRegressor,1824.0,-0.34289669099509146,0.4063718247536204
319,v1_week,phq9_sum,both,HistGradientBoostingRegressor,1827.0,0.652976135809026,0.8617232570436977
320,v1_week,phq9_sum,both,HistGradientBoostingRegressor,1829.0,0.0874399555671811,0.5983499332082918
321,v1_week,phq9_sum,both,HistGradientBoostingRegressor,1846.0,0.03194175026421886,0.5386970305732156
322,v1_week,phq9_sum,both,HistGradientBoostingRegressor,1861.0,-0.39919790010250145,0.5060475311037487
323,v1_week,phq9_sum,both,HistGradientBoostingRegressor,1862.0,0.7362584687463987,0.975454937911828
324,v1_week,phq9_sum,both,HistGradientBoostingRegressor,1883.0,-8.64898090420859,0.6145893320097481
325,v1_week,phq9_sum,both,HistGradientBoostingRegressor,1893.0,0.5010987600082217,0.9888283445868093
326,v1_week,phq9_sum,both,HistGradientBoostingRegressor,1896.0,-1.2778491758885209,0.8695676256664572
327,v1_week,phq9_sum,both,HistGradientBoostingRegressor,1905.0,-10.201799004816761,0.03773414882981672
328,v1_week,phq9_sum,both,HistGradientBoostingRegressor,1908.0,-0.19830642286140643,0.2596839743332068
329,v1_week,phq9_sum,anova_15,HistGradientBoostingRegressor,29.0,-3.867727280745634,0.6903371946222807
330,v1_week,phq9_sum,anova_15,HistGradientBoostingRegressor,95.0,-0.7953048508371428,0.18691589563647712
331,v1_week,phq9_sum,anova_15,HistGradientBoostingRegressor,1173.0,-7.461281320373125,0.1472418667501104
332,v1_week,phq9_sum,anova_15,HistGradientBoostingRegressor,1203.0,-3.061184241177399,0.12051970070236728
333,v1_week,phq9_sum,anova_15,HistGradientBoostingRegressor,1243.0,-0.15085017603802586,0.3287318705736916
334,v1_week,phq9_sum,anova_15,HistGradientBoostingRegressor,1272.0,-0.4156559535749904,0.07586140408061148
335,v1_week,phq9_sum,anova_15,HistGradientBoostingRegressor,1288.0,-3.1217871648173645,0.3042777903402611
336,v1_week,phq9_sum,anova_15,HistGradientBoostingRegressor,1323.0,-0.15696310592884344,0.02463125720943309
337,v1_week,phq9_sum,anova_15,HistGradientBoostingRegressor,1335.0,-0.6561846723928517,0.3349373385697341
338,v1_week,phq9_sum,anova_15,HistGradientBoostingRegressor,1399.0,-12.367691178153295,0.9312357890703699
339,v1_week,phq9_sum,anova_15,HistGradientBoostingRegressor,1401.0,-2.3725902959884047,0.7495975243310888
340,v1_week,phq9_sum,anova_15,HistGradientBoostingRegressor,1424.0,-466.97863553522774,-0.9600380069479528
341,v1_week,phq9_sum,anova_15,HistGradientBoostingRegressor,1688.0,-5.061770664634324,0.5627418747978082
342,v1_week,phq9_sum,anova_15,HistGradientBoostingRegressor,1701.0,0.15272826203291945,0.8862575870234572
343,v1_week,phq9_sum,anova_15,HistGradientBoostingRegressor,1718.0,-15.883687911380612,0.8341744744842483
344,v1_week,phq9_sum,anova_15,HistGradientBoostingRegressor,1725.0,-28.963459333543994,-0.8337788376950732
345,v1_week,phq9_sum,anova_15,HistGradientBoostingRegressor,1744.0,0.3697864476244399,0.7395919351894792
346,v1_week,phq9_sum,anova_15,HistGradientBoostingRegressor,1746.0,-2.754595505832328,-0.616525226384323
347,v1_week,phq9_sum,anova_15,HistGradientBoostingRegressor,1749.0,-1.903037878957968,-0.5491038682164093
348,v1_week,phq9_sum,anova_15,HistGradientBoostingRegressor,1757.0,-4.2807537471042325,0.10518247799239726
349,v1_week,phq9_sum,anova_15,HistGradientBoostingRegressor,1765.0,-7.322113740888161,0.4021264180937536
350,v1_week,phq9_sum,anova_15,HistGradientBoostingRegressor,1801.0,-8.643781622303342,-0.509164022417153
351,v1_week,phq9_sum,anova_15,HistGradientBoostingRegressor,1824.0,-2.5540580715239414,0.7475736310373386
352,v1_week,phq9_sum,anova_15,HistGradientBoostingRegressor,1827.0,-1.3154410406796742,0.6724137289394833
353,v1_week,phq9_sum,anova_15,HistGradientBoostingRegressor,1829.0,0.20378115061938107,0.47830437597007724
354,v1_week,phq9_sum,anova_15,HistGradientBoostingRegressor,1846.0,0.014338134211984488,0.5084837340452434
355,v1_week,phq9_sum,anova_15,HistGradientBoostingRegressor,1861.0,-2.903585181122416,0.36978453766226005
356,v1_week,phq9_sum,anova_15,HistGradientBoostingRegressor,1862.0,0.5463141825872766,0.98669232577363
357,v1_week,phq9_sum,anova_15,HistGradientBoostingRegressor,1883.0,-1.6299960244051896,0.49335914914902584
358,v1_week,phq9_sum,anova_15,HistGradientBoostingRegressor,1893.0,-0.42223915626728536,0.5123107034139206
359,v1_week,phq9_sum,anova_15,HistGradientBoostingRegressor,1896.0,0.43862597243845514,0.9700733804967965
360,v1_week,phq9_sum,anova_15,HistGradientBoostingRegressor,1905.0,-17.451885913163476,-0.25751777955063704
361,v1_week,phq9_sum,anova_15,HistGradientBoostingRegressor,1908.0,-0.06900232373413484,0.4483257994187831
362,v1_week,phq9_sum,only_sensor,HistGradientBoostingRegressor,29.0,-7.113791618420674,0.171936191294569
363,v1_week,phq9_sum,only_sensor,HistGradientBoostingRegressor,95.0,-1.3464619349250837,0.19935830974824176
364,v1_week,phq9_sum,only_sensor,HistGradientBoostingRegressor,1173.0,-11.3096121265751,-0.008549839891919648
365,v1_week,phq9_sum,only_sensor,HistGradientBoostingRegressor,1203.0,-2.1593785559692322,0.33189304492653676
366,v1_week,phq9_sum,only_sensor,HistGradientBoostingRegressor,1243.0,0.12619372875209445,0.5222505365709948
367,v1_week,phq9_sum,only_sensor,HistGradientBoostingRegressor,1272.0,-1.015966087173295,-0.12547742249144467
368,v1_week,phq9_sum,only_sensor,HistGradientBoostingRegressor,1288.0,-2.3274047757739433,0.5566083615478087
369,v1_week,phq9_sum,only_sensor,HistGradientBoostingRegressor,1323.0,-4.512269998639867,0.1113673800225251
370,v1_week,phq9_sum,only_sensor,HistGradientBoostingRegressor,1335.0,0.625661086832445,0.9557669669291906
371,v1_week,phq9_sum,only_sensor,HistGradientBoostingRegressor,1399.0,-22.736085472204227,0.3068338897415463
372,v1_week,phq9_sum,only_sensor,HistGradientBoostingRegressor,1401.0,-2.131380360312932,-0.2623465370409398
373,v1_week,phq9_sum,only_sensor,HistGradientBoostingRegressor,1424.0,-839.419152415084,-0.7206244224050141
374,v1_week,phq9_sum,only_sensor,HistGradientBoostingRegressor,1688.0,-1.6681664404378709,-0.7370769508087799
375,v1_week,phq9_sum,only_sensor,HistGradientBoostingRegressor,1701.0,0.8052964298501345,0.9175288986184276
376,v1_week,phq9_sum,only_sensor,HistGradientBoostingRegressor,1718.0,-23.988144317436962,0.9508658951811275
377,v1_week,phq9_sum,only_sensor,HistGradientBoostingRegressor,1725.0,-128.44459428520847,-0.4135168851118444
378,v1_week,phq9_sum,only_sensor,HistGradientBoostingRegressor,1744.0,-0.17842963716642601,0.7823724956920145
379,v1_week,phq9_sum,only_sensor,HistGradientBoostingRegressor,1746.0,0.031387469763203835,0.4814408385763653
380,v1_week,phq9_sum,only_sensor,HistGradientBoostingRegressor,1749.0,-0.6975856146358763,-0.1605570174789493
381,v1_week,phq9_sum,only_sensor,HistGradientBoostingRegressor,1757.0,-23.86797267503165,0.6441252900680234
382,v1_week,phq9_sum,only_sensor,HistGradientBoostingRegressor,1765.0,-12.009635366421366,0.46322306415755193
383,v1_week,phq9_sum,only_sensor,HistGradientBoostingRegressor,1801.0,-11.09276545548838,-0.09434311354761461
384,v1_week,phq9_sum,only_sensor,HistGradientBoostingRegressor,1824.0,-0.6472934250351019,-0.09780937670941009
385,v1_week,phq9_sum,only_sensor,HistGradientBoostingRegressor,1827.0,0.2584062031574891,0.5825133052424177
386,v1_week,phq9_sum,only_sensor,HistGradientBoostingRegressor,1829.0,0.16487810905824984,0.4981030822123152
387,v1_week,phq9_sum,only_sensor,HistGradientBoostingRegressor,1846.0,-0.36005406073532087,-0.17057184556917818
388,v1_week,phq9_sum,only_sensor,HistGradientBoostingRegressor,1861.0,-10.519967438132438,-0.0011357760817054573
389,v1_week,phq9_sum,only_sensor,HistGradientBoostingRegressor,1862.0,0.27669855904737906,0.7503439590838588
390,v1_week,phq9_sum,only_sensor,HistGradientBoostingRegressor,1883.0,-4.995038250977863,-0.03900559927545527
391,v1_week,phq9_sum,only_sensor,HistGradientBoostingRegressor,1893.0,-0.39532216835992817,0.44465029275911466
392,v1_week,phq9_sum,only_sensor,HistGradientBoostingRegressor,1896.0,-1.5482900346996624,0.4558316443619226
393,v1_week,phq9_sum,only_sensor,HistGradientBoostingRegressor,1905.0,-37.577969255545945,-0.41093934375330204
394,v1_week,phq9_sum,only_sensor,HistGradientBoostingRegressor,1908.0,-3.1371043807657335,-0.1911977294108803
395,v1_week,phq2_sum,anova_15,HistGradientBoostingRegressor,135.0,-64.90149375884118,0.5951910015658436
396,v1_week,phq2_sum,anova_15,HistGradientBoostingRegressor,1136.0,-154.7270267939699,0.27386102126031475
397,v1_week,phq2_sum,anova_15,HistGradientBoostingRegressor,1158.0,-5.020939680428801,-0.08480538803888257
398,v1_week,phq2_sum,anova_15,HistGradientBoostingRegressor,1166.0,0.28796099572656453,0.6360226308719484
399,v1_week,phq2_sum,anova_15,HistGradientBoostingRegressor,1202.0,-0.9323027849858838,-0.6857190854133356
400,v1_week,phq2_sum,anova_15,HistGradientBoostingRegressor,1246.0,-4.960305091245838,0.6136466622871617
401,v1_week,phq2_sum,anova_15,HistGradientBoostingRegressor,1261.0,-4.6419327564488135,0.01016498788885776
402,v1_week,phq2_sum,anova_15,HistGradientBoostingRegressor,1283.0,-10.127653706421878,0.5902951574739496
403,v1_week,phq2_sum,anova_15,HistGradientBoostingRegressor,1308.0,-3.2592981816153808,-0.04876432920657254
404,v1_week,phq2_sum,anova_15,HistGradientBoostingRegressor,1399.0,-0.29750775513668426,-0.20710117199482506
405,v1_week,phq2_sum,anova_15,HistGradientBoostingRegressor,1414.0,-0.2907211428951346,0.14088891255752425
406,v1_week,phq2_sum,anova_15,HistGradientBoostingRegressor,1697.0,-1.492119350733684,0.44894520733605836
407,v1_week,phq2_sum,anova_15,HistGradientBoostingRegressor,1700.0,-4.264842097437618,-0.41056137351925326
408,v1_week,phq2_sum,anova_15,HistGradientBoostingRegressor,1707.0,-3.427570802808564,0.27266609042477147
409,v1_week,phq2_sum,anova_15,HistGradientBoostingRegressor,1725.0,-7.182563862798316,0.4870733140673067
410,v1_week,phq2_sum,anova_15,HistGradientBoostingRegressor,1737.0,-0.8605434065698727,-0.17692352609180054
411,v1_week,phq2_sum,anova_15,HistGradientBoostingRegressor,1740.0,-0.2107916641401888,0.2734880549748296
412,v1_week,phq2_sum,anova_15,HistGradientBoostingRegressor,1743.0,-0.6261513744015028,0.10604467369190748
413,v1_week,phq2_sum,anova_15,HistGradientBoostingRegressor,1751.0,-29.008098435398704,0.04448556417868581
414,v1_week,phq2_sum,anova_15,HistGradientBoostingRegressor,1752.0,0.29740590115697574,0.5540118374817514
415,v1_week,phq2_sum,anova_15,HistGradientBoostingRegressor,1753.0,-1.5840342262205578,-0.21144612720444228
416,v1_week,phq2_sum,anova_15,HistGradientBoostingRegressor,1758.0,-0.2237150413913691,-0.15638480052461382
417,v1_week,phq2_sum,anova_15,HistGradientBoostingRegressor,1765.0,-1.385900500230028,0.31632464416698886
418,v1_week,phq2_sum,anova_15,HistGradientBoostingRegressor,1771.0,-0.35634805619415033,0.21782327238569862
419,v1_week,phq2_sum,anova_15,HistGradientBoostingRegressor,1794.0,-5.88941182499061,0.3773321421233956
420,v1_week,phq2_sum,anova_15,HistGradientBoostingRegressor,1796.0,-2.006512856606686,-0.2514072743472676
421,v1_week,phq2_sum,anova_15,HistGradientBoostingRegressor,1824.0,-0.5254695416219131,0.09539737805586469
422,v1_week,phq2_sum,anova_15,HistGradientBoostingRegressor,1832.0,-21.786349269454426,0.17537016985551854
423,v1_week,phq2_sum,anova_15,HistGradientBoostingRegressor,1837.0,-11.305115828523586,0.2445442191118639
424,v1_week,phq2_sum,anova_15,HistGradientBoostingRegressor,1853.0,-1.4113364810151467,-0.05991995416172581
425,v1_week,phq2_sum,anova_15,HistGradientBoostingRegressor,1859.0,-2.0560693578557983,0.10606452400463855
426,v1_week,phq2_sum,anova_15,HistGradientBoostingRegressor,1870.0,-2.0770976588452554,-0.15240368870400198
427,v1_week,phq2_sum,anova_15,HistGradientBoostingRegressor,1888.0,-7.59297727264055,-0.1787777839191236
428,v1_week,phq2_sum,anova_15,HistGradientBoostingRegressor,1889.0,-0.5802126494891526,0.007100756101789358
429,v1_week,phq2_sum,anova_15,HistGradientBoostingRegressor,1896.0,-4.643083197488286,-0.12231728447803618
430,v1_week,phq2_sum,only_sensor,HistGradientBoostingRegressor,135.0,-54.074998487422405,0.5386751841817555
431,v1_week,phq2_sum,only_sensor,HistGradientBoostingRegressor,1136.0,-125.35799434787984,0.11243011660420173
432,v1_week,phq2_sum,only_sensor,HistGradientBoostingRegressor,1158.0,-2.6072677938233864,-0.26020655850420377
433,v1_week,phq2_sum,only_sensor,HistGradientBoostingRegressor,1166.0,-0.2085129400148309,0.13346453805574623
434,v1_week,phq2_sum,only_sensor,HistGradientBoostingRegressor,1202.0,-2.091108234766738,-0.3665948674413105
435,v1_week,phq2_sum,only_sensor,HistGradientBoostingRegressor,1246.0,-2.0825392204813102,-0.07203185876075927
436,v1_week,phq2_sum,only_sensor,HistGradientBoostingRegressor,1261.0,-2.7578341768586307,-0.5931085012454939
437,v1_week,phq2_sum,only_sensor,HistGradientBoostingRegressor,1283.0,-12.926135346622651,0.2804004676606017
438,v1_week,phq2_sum,only_sensor,HistGradientBoostingRegressor,1308.0,-1.7281899289966418,-0.29544104595559034
439,v1_week,phq2_sum,only_sensor,HistGradientBoostingRegressor,1399.0,0.1120668606856714,0.528952648745984
440,v1_week,phq2_sum,only_sensor,HistGradientBoostingRegressor,1414.0,0.0727938833322812,0.3405626772502283
441,v1_week,phq2_sum,only_sensor,HistGradientBoostingRegressor,1697.0,-0.5966801702573927,0.17334395812440756
442,v1_week,phq2_sum,only_sensor,HistGradientBoostingRegressor,1700.0,-3.4369427077662698,-0.1179616586893461
443,v1_week,phq2_sum,only_sensor,HistGradientBoostingRegressor,1707.0,-3.77145889107421,0.02368329707881997
444,v1_week,phq2_sum,only_sensor,HistGradientBoostingRegressor,1725.0,-14.534202268335601,0.5093723565226699
445,v1_week,phq2_sum,only_sensor,HistGradientBoostingRegressor,1737.0,-1.1011358105864897,-0.7935036632394552
446,v1_week,phq2_sum,only_sensor,HistGradientBoostingRegressor,1740.0,-0.2984626224815765,0.33769556512121945
447,v1_week,phq2_sum,only_sensor,HistGradientBoostingRegressor,1743.0,-1.2909966549582959,0.010757227551225558
448,v1_week,phq2_sum,only_sensor,HistGradientBoostingRegressor,1751.0,-6.78163124395915,0.490764277710682
449,v1_week,phq2_sum,only_sensor,HistGradientBoostingRegressor,1752.0,-0.6720392213657731,-0.43916867059668824
450,v1_week,phq2_sum,only_sensor,HistGradientBoostingRegressor,1753.0,-0.8894840612615822,-0.44750198083467996
451,v1_week,phq2_sum,only_sensor,HistGradientBoostingRegressor,1758.0,-0.026107331711424875,0.3182759983207079
452,v1_week,phq2_sum,only_sensor,HistGradientBoostingRegressor,1765.0,-1.4401024629172108,0.019768459715520385
453,v1_week,phq2_sum,only_sensor,HistGradientBoostingRegressor,1771.0,-1.371673021000801,0.4185474428278438
454,v1_week,phq2_sum,only_sensor,HistGradientBoostingRegressor,1794.0,-12.868246950531912,0.24188522550551986
455,v1_week,phq2_sum,only_sensor,HistGradientBoostingRegressor,1796.0,-1.2480461738070154,-0.2685757866773361
456,v1_week,phq2_sum,only_sensor,HistGradientBoostingRegressor,1824.0,-1.71867458429239,-0.07492977838144482
457,v1_week,phq2_sum,only_sensor,HistGradientBoostingRegressor,1832.0,-9.126809361753146,0.10027031441063743
458,v1_week,phq2_sum,only_sensor,HistGradientBoostingRegressor,1837.0,-4.600408704994341,-0.06672018192535384
459,v1_week,phq2_sum,only_sensor,HistGradientBoostingRegressor,1853.0,-0.8164465515795736,-0.1476899256831024
460,v1_week,phq2_sum,only_sensor,HistGradientBoostingRegressor,1859.0,-1.3359833999095692,-0.315138826571941
461,v1_week,phq2_sum,only_sensor,HistGradientBoostingRegressor,1870.0,0.06356733585069052,0.5689514022573544
462,v1_week,phq2_sum,only_sensor,HistGradientBoostingRegressor,1888.0,-7.8409289184921285,-0.8060416843335438
463,v1_week,phq2_sum,only_sensor,HistGradientBoostingRegressor,1889.0,-1.1741527757654202,-0.01904638742187126
464,v1_week,phq2_sum,only_sensor,HistGradientBoostingRegressor,1896.0,-0.18893069572612609,0.09204018582856138
465,v2_week,phq9_sum,8wks,HistGradientBoostingRegressor,179.0,-3.2077922111126966,0.2749895564704464
466,v2_week,phq9_sum,8wks,HistGradientBoostingRegressor,201.0,-1.858704266902882,0.10638445839173724
467,v2_week,phq9_sum,8wks,HistGradientBoostingRegressor,207.0,-2.291040584254283,0.9982961878621178
468,v2_week,phq9_sum,8wks,HistGradientBoostingRegressor,242.0,-14.677746087509819,0.30664745611044797
469,v2_week,phq9_sum,8wks,HistGradientBoostingRegressor,246.0,-7.4444308381900175,0.25306864767199777
470,v2_week,phq9_sum,8wks,HistGradientBoostingRegressor,309.0,-1.6276558664458758,0.5684404085756869
471,v2_week,phq9_sum,8wks,HistGradientBoostingRegressor,465.0,0.2616727582983994,0.9774961096939869
472,v2_week,phq9_sum,8wks,HistGradientBoostingRegressor,485.0,-3.8554472449057,0.9947931573805527
473,v2_week,phq9_sum,8wks,HistGradientBoostingRegressor,496.0,-29.62123579961928,-0.9355980393786794
474,v2_week,phq9_sum,8wks,HistGradientBoostingRegressor,524.0,-1.4431073064032645,0.5693998441211561
475,v2_week,phq9_sum,8wks,HistGradientBoostingRegressor,714.0,0.3273070769048734,0.7902445082584202
476,v2_week,phq9_sum,8wks,HistGradientBoostingRegressor,742.0,-1.7793995641623903,0.29710513317956105
477,v2_week,phq9_sum,8wks,HistGradientBoostingRegressor,770.0,-3.913592297793043,0.8838999341877302
478,v2_week,phq9_sum,8wks,HistGradientBoostingRegressor,779.0,-1.7180567682468695,0.7338294598694614
479,v2_week,phq9_sum,8wks,HistGradientBoostingRegressor,835.0,-1.3493805498019724,0.6684504974392164
480,v2_week,phq9_sum,8wks,HistGradientBoostingRegressor,865.0,-1.0220126088486068,0.04799339627899738
481,v2_week,phq9_sum,8wks,HistGradientBoostingRegressor,893.0,0.10084463308159342,0.4698720716466611
482,v2_week,phq9_sum,8wks,HistGradientBoostingRegressor,913.0,-3.1160777741897085,0.09060822628354813
483,v2_week,phq9_sum,8wks,HistGradientBoostingRegressor,928.0,-3.9827449077596055,-0.30722046609998477
484,v2_week,phq9_sum,8wks,HistGradientBoostingRegressor,1032.0,-4.757851554806982,-0.5099841738300515
485,v2_week,phq9_sum,both,HistGradientBoostingRegressor,179.0,-2.9777109348162147,0.2780235969191283
486,v2_week,phq9_sum,both,HistGradientBoostingRegressor,201.0,-1.0303609910657503,0.43842614041482453
487,v2_week,phq9_sum,both,HistGradientBoostingRegressor,207.0,-6.624330019882719,0.9963145795569949
488,v2_week,phq9_sum,both,HistGradientBoostingRegressor,242.0,-14.028998149711198,0.5009254489117962
489,v2_week,phq9_sum,both,HistGradientBoostingRegressor,246.0,-7.551428693262713,0.663579090593295
490,v2_week,phq9_sum,both,HistGradientBoostingRegressor,309.0,-0.8053019085260869,0.5517673919908794
491,v2_week,phq9_sum,both,HistGradientBoostingRegressor,465.0,0.23053810122255847,0.9999898416818155
492,v2_week,phq9_sum,both,HistGradientBoostingRegressor,485.0,-7.39910082404022,0.98931877828121
493,v2_week,phq9_sum,both,HistGradientBoostingRegressor,496.0,-16.233498779089302,-0.9275510583318182
494,v2_week,phq9_sum,both,HistGradientBoostingRegressor,524.0,-0.5626520834130242,0.5700334070678299
495,v2_week,phq9_sum,both,HistGradientBoostingRegressor,714.0,0.5834459156177444,0.9878859340311691
496,v2_week,phq9_sum,both,HistGradientBoostingRegressor,742.0,-0.8056516512335263,0.5359225624693772
497,v2_week,phq9_sum,both,HistGradientBoostingRegressor,770.0,-2.0966392963630573,0.8883092931173714
498,v2_week,phq9_sum,both,HistGradientBoostingRegressor,779.0,-1.5524178337442467,0.7137057506016236
499,v2_week,phq9_sum,both,HistGradientBoostingRegressor,835.0,-1.9206742577909193,-0.25567594728308124
500,v2_week,phq9_sum,both,HistGradientBoostingRegressor,865.0,-1.709728451780899,0.018789010185697053
501,v2_week,phq9_sum,both,HistGradientBoostingRegressor,893.0,-0.024931623290365135,0.2501013357526794
502,v2_week,phq9_sum,both,HistGradientBoostingRegressor,913.0,-2.568391073781985,0.06863401455960491
503,v2_week,phq9_sum,both,HistGradientBoostingRegressor,928.0,-4.444138817062536,-0.26573544137138
504,v2_week,phq9_sum,both,HistGradientBoostingRegressor,1032.0,-5.5684793037300535,-0.47505351089069187
505,v2_week,phq9_sum,anova_15,HistGradientBoostingRegressor,179.0,0.3972145281528985,0.7777901557659688
506,v2_week,phq9_sum,anova_15,HistGradientBoostingRegressor,201.0,-1.5147336386458217,0.9829424612800312
507,v2_week,phq9_sum,anova_15,HistGradientBoostingRegressor,207.0,-10.172894066872491,-0.7134487255625486
508,v2_week,phq9_sum,anova_15,HistGradientBoostingRegressor,242.0,-1.1242797695535955,0.33830926793057825
509,v2_week,phq9_sum,anova_15,HistGradientBoostingRegressor,246.0,-8.466879644736412,-0.004423821123415725
510,v2_week,phq9_sum,anova_15,HistGradientBoostingRegressor,309.0,-3.8153288733344883,-0.17288303866598909
511,v2_week,phq9_sum,anova_15,HistGradientBoostingRegressor,465.0,-1.3415855664792873,0.7457928083471127
512,v2_week,phq9_sum,anova_15,HistGradientBoostingRegressor,485.0,0.2880059844778621,0.9452620422973066
513,v2_week,phq9_sum,anova_15,HistGradientBoostingRegressor,496.0,-85.59205742961146,-0.9785883712069339
514,v2_week,phq9_sum,anova_15,HistGradientBoostingRegressor,524.0,-3.9159535800235776,0.3801657043800808
515,v2_week,phq9_sum,anova_15,HistGradientBoostingRegressor,714.0,-0.16617241103602765,0.10644587826523606
516,v2_week,phq9_sum,anova_15,HistGradientBoostingRegressor,742.0,-3.1712469626293975,0.4548400328214541
517,v2_week,phq9_sum,anova_15,HistGradientBoostingRegressor,770.0,0.31850120892795164,0.9412046717902741
518,v2_week,phq9_sum,anova_15,HistGradientBoostingRegressor,779.0,-2.66047270507394,0.7181878314992381
519,v2_week,phq9_sum,anova_15,HistGradientBoostingRegressor,835.0,-1.005753736244225,-0.11851140752307789
520,v2_week,phq9_sum,anova_15,HistGradientBoostingRegressor,865.0,-0.4222546209729019,0.2153058351089893
521,v2_week,phq9_sum,anova_15,HistGradientBoostingRegressor,893.0,-0.046759201674337,0.12011059606217708
522,v2_week,phq9_sum,anova_15,HistGradientBoostingRegressor,913.0,-3.0460645792583083,0.5605332397264846
523,v2_week,phq9_sum,anova_15,HistGradientBoostingRegressor,928.0,-9.791356898932802,-0.1868127246631905
524,v2_week,phq9_sum,anova_15,HistGradientBoostingRegressor,1032.0,-7.042267454859012,-0.3041828450650291
525,v2_week,phq9_sum,only_sensor,HistGradientBoostingRegressor,179.0,-2.006735740001123,0.42326714278509764
526,v2_week,phq9_sum,only_sensor,HistGradientBoostingRegressor,201.0,-7.088507164663644,-0.90903448902772
527,v2_week,phq9_sum,only_sensor,HistGradientBoostingRegressor,207.0,-50.77794135820442,0.36298788197350623
528,v2_week,phq9_sum,only_sensor,HistGradientBoostingRegressor,242.0,-4.134074999492634,0.20716776518768726
529,v2_week,phq9_sum,only_sensor,HistGradientBoostingRegressor,246.0,-29.810843548063097,0.42461312065596707
530,v2_week,phq9_sum,only_sensor,HistGradientBoostingRegressor,309.0,-3.1257092061304874,0.301998766240749
531,v2_week,phq9_sum,only_sensor,HistGradientBoostingRegressor,465.0,-0.5450131792165234,-0.22268379169815827
532,v2_week,phq9_sum,only_sensor,HistGradientBoostingRegressor,485.0,-18.628533367614693,0.9394487779810105
533,v2_week,phq9_sum,only_sensor,HistGradientBoostingRegressor,496.0,-75.58487045635006,-0.6689679797079416
534,v2_week,phq9_sum,only_sensor,HistGradientBoostingRegressor,524.0,-0.6665515236833581,0.22057523864008505
535,v2_week,phq9_sum,only_sensor,HistGradientBoostingRegressor,714.0,-1.2373613326633932,-0.377805545878924
536,v2_week,phq9_sum,only_sensor,HistGradientBoostingRegressor,742.0,-3.4957190752498324,-0.15185671207076154
537,v2_week,phq9_sum,only_sensor,HistGradientBoostingRegressor,770.0,-7.998060965362193,-0.48864609868447745
538,v2_week,phq9_sum,only_sensor,HistGradientBoostingRegressor,779.0,-3.362969822271925,0.1413340023381185
539,v2_week,phq9_sum,only_sensor,HistGradientBoostingRegressor,835.0,-1.223259757066748,-0.05113785557579144
540,v2_week,phq9_sum,only_sensor,HistGradientBoostingRegressor,865.0,-0.5292066303697371,-0.4194045442889566
541,v2_week,phq9_sum,only_sensor,HistGradientBoostingRegressor,893.0,0.21497506701676128,0.5647448633304327
542,v2_week,phq9_sum,only_sensor,HistGradientBoostingRegressor,913.0,-2.4619509634353336,-0.49462898718334486
543,v2_week,phq9_sum,only_sensor,HistGradientBoostingRegressor,928.0,-36.68657754995069,-0.1404849166897874
544,v2_week,phq9_sum,only_sensor,HistGradientBoostingRegressor,1032.0,-9.80112513129602,0.4694326905380075
545,v2_week,phq2_sum,anova_15,HistGradientBoostingRegressor,161.0,-9.834048573890684,-0.3426850206343781
546,v2_week,phq2_sum,anova_15,HistGradientBoostingRegressor,166.0,-2.2258392706002414,-0.04815338322596404
547,v2_week,phq2_sum,anova_15,HistGradientBoostingRegressor,201.0,0.08395459149497009,0.3420743313045862
548,v2_week,phq2_sum,anova_15,HistGradientBoostingRegressor,217.0,-1.401732293077639,-0.3513049256296723
549,v2_week,phq2_sum,anova_15,HistGradientBoostingRegressor,237.0,-0.23551102279833458,0.19904327245942818
550,v2_week,phq2_sum,anova_15,HistGradientBoostingRegressor,242.0,-1.7271584349535036,0.110917597105653
551,v2_week,phq2_sum,anova_15,HistGradientBoostingRegressor,243.0,-0.7139164390927617,-0.6367919871035354
552,v2_week,phq2_sum,anova_15,HistGradientBoostingRegressor,402.0,-11.104594153642823,0.32719751103761613
553,v2_week,phq2_sum,anova_15,HistGradientBoostingRegressor,519.0,-5.4938722646272575,0.33962314014150835
554,v2_week,phq2_sum,anova_15,HistGradientBoostingRegressor,594.0,0.13639958319603118,0.4298749458775319
555,v2_week,phq2_sum,anova_15,HistGradientBoostingRegressor,595.0,-7.907310951309471,0.4182749801165364
556,v2_week,phq2_sum,anova_15,HistGradientBoostingRegressor,635.0,-2.7766699482793773,0.3218921301285607
557,v2_week,phq2_sum,anova_15,HistGradientBoostingRegressor,644.0,-0.9399078505253502,-0.13775878718682302
558,v2_week,phq2_sum,anova_15,HistGradientBoostingRegressor,651.0,-0.6210282809696874,-0.16584064898887166
559,v2_week,phq2_sum,anova_15,HistGradientBoostingRegressor,658.0,-0.45891540479759874,0.24077301554688837
560,v2_week,phq2_sum,anova_15,HistGradientBoostingRegressor,663.0,-1.4096497620750021,-0.09355903868073873
561,v2_week,phq2_sum,anova_15,HistGradientBoostingRegressor,687.0,-1.8210406699776978,0.2372778013960283
562,v2_week,phq2_sum,anova_15,HistGradientBoostingRegressor,705.0,0.061287765140210615,0.2891936000128605
563,v2_week,phq2_sum,anova_15,HistGradientBoostingRegressor,751.0,-1.1322928836272452,-0.01385615626754897
564,v2_week,phq2_sum,anova_15,HistGradientBoostingRegressor,808.0,-3.829669019021609,0.017338867886616753
565,v2_week,phq2_sum,anova_15,HistGradientBoostingRegressor,838.0,-1.1380380453624772,0.37220652202836924
566,v2_week,phq2_sum,anova_15,HistGradientBoostingRegressor,893.0,-3.3666192954167196,0.21782860279369043
567,v2_week,phq2_sum,anova_15,HistGradientBoostingRegressor,910.0,-1.4811845843209057,-0.9232553763679099
568,v2_week,phq2_sum,anova_15,HistGradientBoostingRegressor,958.0,-0.6679436777772603,-0.19668374485704074
569,v2_week,phq2_sum,anova_15,HistGradientBoostingRegressor,1012.0,-1.1645635895092874,-0.028718050169823095
570,v2_week,phq2_sum,anova_15,HistGradientBoostingRegressor,1023.0,-1.2310537745997574,-0.1638905618167645
571,v2_week,phq2_sum,anova_15,HistGradientBoostingRegressor,1030.0,-989.4536790888984,0.015894855985545346
572,v2_week,phq2_sum,anova_15,HistGradientBoostingRegressor,1041.0,-0.41601677819878535,0.3131378322142621
573,v2_week,phq2_sum,anova_15,HistGradientBoostingRegressor,1100.0,-0.07451022928884621,0.5051300378566678
574,v2_week,phq2_sum,only_sensor,HistGradientBoostingRegressor,161.0,-4.215907879673914,-0.5218507487017943
575,v2_week,phq2_sum,only_sensor,HistGradientBoostingRegressor,166.0,-0.8775318353273336,0.23365399192767955
576,v2_week,phq2_sum,only_sensor,HistGradientBoostingRegressor,201.0,-0.35249685954652743,0.01260920855609522
577,v2_week,phq2_sum,only_sensor,HistGradientBoostingRegressor,217.0,-2.2627475986043293,0.3918772572166783
578,v2_week,phq2_sum,only_sensor,HistGradientBoostingRegressor,237.0,-1.9599985280771088,-0.5489834446234702
579,v2_week,phq2_sum,only_sensor,HistGradientBoostingRegressor,242.0,-5.114365949959185,-0.07307262077929652
580,v2_week,phq2_sum,only_sensor,HistGradientBoostingRegressor,243.0,-1.3241731233618297,-0.400967893489667
581,v2_week,phq2_sum,only_sensor,HistGradientBoostingRegressor,402.0,-24.64012006007042,0.3857229198764965
582,v2_week,phq2_sum,only_sensor,HistGradientBoostingRegressor,519.0,-3.8110035785792027,0.1696560836410052
583,v2_week,phq2_sum,only_sensor,HistGradientBoostingRegressor,594.0,0.23037368363074728,0.6051801004397666
584,v2_week,phq2_sum,only_sensor,HistGradientBoostingRegressor,595.0,-10.75744901060057,0.33398474729245536
585,v2_week,phq2_sum,only_sensor,HistGradientBoostingRegressor,635.0,-0.8014578749487065,-0.012186211363310578
586,v2_week,phq2_sum,only_sensor,HistGradientBoostingRegressor,644.0,-1.269761811194119,0.3151065598759155
587,v2_week,phq2_sum,only_sensor,HistGradientBoostingRegressor,651.0,-1.9679514772701974,-0.6792054825364661
588,v2_week,phq2_sum,only_sensor,HistGradientBoostingRegressor,658.0,-0.13916921233459556,0.03239045084911816
589,v2_week,phq2_sum,only_sensor,HistGradientBoostingRegressor,663.0,-1.4492843847808201,-0.1201554067937332
590,v2_week,phq2_sum,only_sensor,HistGradientBoostingRegressor,687.0,-0.5689287052163048,0.5172074654896637
591,v2_week,phq2_sum,only_sensor,HistGradientBoostingRegressor,705.0,-0.33135798341693845,0.18127390128197887
592,v2_week,phq2_sum,only_sensor,HistGradientBoostingRegressor,751.0,-4.1847015551540885,-0.21607050486324295
593,v2_week,phq2_sum,only_sensor,HistGradientBoostingRegressor,808.0,-3.759497981258315,-0.5188244211101917
594,v2_week,phq2_sum,only_sensor,HistGradientBoostingRegressor,838.0,-0.9772190596589845,0.8645712624551567
595,v2_week,phq2_sum,only_sensor,HistGradientBoostingRegressor,893.0,-4.256519144237231,-0.2565831605171487
596,v2_week,phq2_sum,only_sensor,HistGradientBoostingRegressor,910.0,-2.206861067546518,-0.9843940340083265
597,v2_week,phq2_sum,only_sensor,HistGradientBoostingRegressor,958.0,-0.36264188906203665,0.03414770535981884
598,v2_week,phq2_sum,only_sensor,HistGradientBoostingRegressor,1012.0,-0.3150009506368341,-0.17761753873961286
599,v2_week,phq2_sum,only_sensor,HistGradientBoostingRegressor,1023.0,-2.0619112375383537,-0.059891615758588215
600,v2_week,phq2_sum,only_sensor,HistGradientBoostingRegressor,1030.0,-108.3178067298658,-0.4818546230877738
601,v2_week,phq2_sum,only_sensor,HistGradientBoostingRegressor,1041.0,-2.8115618849842265,-0.1524215547740157
602,v2_week,phq2_sum,only_sensor,HistGradientBoostingRegressor,1100.0,-1.0864435219646573,-0.18108348662801935
