participant_id,num_id
BLUE-00048,0
BLUE-00049,1
BLUE-00050,2
BLUE-00051,3
BLUE-00052,4
BLUE-00053,5
BLUE-00054,6
BLUE-00055,7
BLUE-00056,8
BLUE-00057,9
BLUE-00058,10
BLUE-00060,11
BLUE-00061,12
BLUE-00062,13
BLUE-00063,14
BLUE-00064,15
BLUE-00065,16
BLUE-00066,17
BLUE-00067,18
BLUE-00068,19
BLUE-00069,20
BLUE-00070,21
BLUE-00071,22
BLUE-00072,23
BLUE-00073,24
BLUE-00074,25
BLUE-00075,26
BLUE-00076,27
BLUE-00077,28
BLUE-00079,29
BLUE-00080,30
BLUE-00081,31
BLUE-00082,32
BLUE-00084,33
BLUE-00085,34
BLUE-00086,35
BLUE-00087,36
BLUE-00088,37
BLUE-00089,38
BLUE-00090,39
BLUE-00092,40
BLUE-00093,41
BLUE-00094,42
BLUE-00095,43
BLUE-00096,44
BLUE-00097,45
BLUE-00098,46
BLUE-00099,47
BLUE-00100,48
BLUE-00101,49
BLUE-00102,50
BLUE-00103,51
BLUE-00104,52
BLUE-00105,53
BLUE-00106,54
BLUE-00107,55
BLUE-00108,56
BLUE-00109,57
BLUE-00110,58
BLUE-00111,59
BLUE-00112,60
BLUE-00113,61
BLUE-00114,62
BLUE-00115,63
BLUE-00116,64
BLUE-00117,65
BLUE-00118,66
BLUE-00119,67
BLUE-00120,68
BLUE-00121,69
BLUE-00122,70
BLUE-00123,71
BLUE-00124,72
BLUE-00125,73
BLUE-00126,74
BLUE-00127,75
BLUE-00128,76
BLUE-00129,77
BLUE-00130,78
BLUE-00131,79
BLUE-00132,80
BLUE-00133,81
BLUE-00134,82
BLUE-00135,83
BLUE-00136,84
BLUE-00137,85
BLUE-00139,86
BLUE-00140,87
BLUE-00142,88
BLUE-00143,89
BLUE-00144,90
BLUE-00145,91
BLUE-00146,92
BLUE-00147,93
BLUE-00148,94
BLUE-00149,95
BLUE-00150,96
BLUE-00151,97
BLUE-00152,98
BLUE-00153,99
BLUE-00154,100
BLUE-00155,101
BLUE-00156,102
BLUE-00157,103
BLUE-00158,104
BLUE-00159,105
BLUE-00160,106
BLUE-00161,107
BLUE-00162,108
BLUE-00163,109
BLUE-00164,110
BLUE-00165,111
BLUE-00166,112
BLUE-00167,113
BLUE-00168,114
BLUE-00169,115
BLUE-00170,116
BLUE-00171,117
BLUE-00172,118
BLUE-00173,119
BLUE-00174,120
BLUE-00175,121
BLUE-00176,122
BLUE-00177,123
BLUE-00178,124
BLUE-00179,125
BLUE-00180,126
BLUE-00181,127
BLUE-00182,128
BLUE-00183,129
BLUE-00184,130
BLUE-00185,131
BLUE-00186,132
BLUE-00187,133
BLUE-00188,134
BLUE-00189,135
BLUE-00190,136
BLUE-00191,137
BLUE-00192,138
BLUE-00193,139
BLUE-00194,140
BLUE-00195,141
BLUE-00196,142
BLUE-00197,143
BLUE-00198,144
BLUE-00199,145
BLUE-00200,146
BLUE-00201,147
BLUE-00202,148
BLUE-00203,149
BLUE-00204,150
BLUE-00205,151
BLUE-00206,152
EN00033,153
EN00034,154
EN00035,155
EN00036,156
EN00037,157
EN00038,158
EN00039,159
EN00040,160
EN00041,161
EN00042,162
EN00043,163
EN00044,164
EN00045,165
EN00046,166
EN00047,167
EN00048,168
EN00049,169
EN00050,170
EN00052,171
EN00053,172
EN00054,173
EN00055,174
EN00056,175
EN00057,176
EN00058,177
EN00059,178
EN00060,179
EN00061,180
EN00062,181
EN00063,182
EN00064,183
EN00065,184
EN00066,185
EN00067,186
EN00068,187
EN00069,188
EN00070,189
EN00071,190
EN00072,191
EN00073,192
EN00074,193
EN00075,194
EN00076,195
EN00077,196
EN00078,197
EN00079,198
EN00080,199
EN00081,200
EN00082,201
EN00083,202
EN00084,203
EN00085,204
EN00086,205
EN00087,206
EN00088,207
EN00089,208
EN00090,209
EN00091,210
EN00094,211
EN00095,212
EN00096,213
EN00097,214
EN00098,215
EN00099,216
EN00102,217
EN00103,218
EN00104,219
EN00105,220
EN00106,221
EN00107,222
EN00108,223
EN00109,224
EN00110,225
EN00111,226
EN00112,227
EN00113,228
EN00114,229
EN00115,230
EN00116,231
EN00117,232
EN00118,233
EN00119,234
EN00120,235
EN00121,236
EN00122,237
EN00123,238
EN00124,239
EN00125,240
EN00126,241
EN00127,242
EN00129,243
EN00130,244
EN00131,245
EN00132,246
EN00133,247
EN00134,248
EN00135,249
EN00136,250
EN00138,251
EN00139,252
EN00140,253
EN00141,254
EN00142,255
EN00143,256
EN00144,257
EN00145,258
EN00146,259
EN00147,260
EN00148,261
EN00150,262
EN00151,263
EN00152,264
EN00153,265
EN00154,266
EN00155,267
EN00156,268
EN00157,269
EN00158,270
EN00159,271
EN00160,272
EN00161,273
EN00162,274
EN00163,275
EN00164,276
EN00165,277
EN00166,278
EN00167,279
EN00168,280
EN00169,281
EN00170,282
EN00171,283
EN00172,284
EN00173,285
EN00174,286
EN00175,287
EN00176,288
EN00177,289
EN00178,290
EN00179,291
EN00180,292
EN00181,293
EN00182,294
EN00183,295
EN00184,296
EN00185,297
EN00186,298
EN00187,299
EN00188,300
EN00190,301
EN00191,302
EN00192,303
EN00193,304
EN00194,305
EN00195,306
EN00196,307
EN00197,308
EN00198,309
EN00199,310
EN00200,311
EN00201,312
EN00202,313
EN00203,314
EN00204,315
EN00205,316
EN00207,317
EN00208,318
EN00209,319
EN00210,320
EN00211,321
EN00213,322
EN00214,323
EN00215,324
EN00216,325
EN00217,326
EN00218,327
EN00219,328
EN00220,329
EN00221,330
EN00222,331
EN00223,332
EN00224,333
EN00225,334
EN00226,335
EN00227,336
EN00228,337
EN00229,338
EN00230,339
EN00231,340
EN00232,341
EN00233,342
EN00234,343
EN00235,344
EN00236,345
EN00237,346
EN00238,347
EN00239,348
EN00240,349
EN00241,350
EN00242,351
EN00243,352
EN00245,353
EN00246,354
EN00247,355
EN00248,356
EN00249,357
EN00250,358
EN00251,359
EN00252,360
EN00253,361
EN00254,362
EN00255,363
EN00256,364
EN00257,365
EN00258,366
EN00259,367
EN00260,368
EN00261,369
EN00262,370
EN00263,371
EN00264,372
EN00265,373
EN00266,374
EN00267,375
EN00268,376
EN00269,377
EN00270,378
EN00272,379
EN00273,380
EN00274,381
EN00275,382
EN00276,383
EN00277,384
EN00278,385
EN00279,386
EN00280,387
EN00281,388
EN00282,389
EN00283,390
EN00284,391
EN00285,392
EN00286,393
EN00287,394
EN00288,395
EN00289,396
EN00290,397
EN00291,398
EN00292,399
EN00293,400
EN00294,401
EN00295,402
EN00296,403
EN00297,404
EN00298,405
EN00300,406
EN00301,407
EN00302,408
EN00303,409
EN00304,410
EN00305,411
EN00306,412
EN00307,413
EN00308,414
EN00309,415
EN00310,416
EN00311,417
EN00312,418
EN00313,419
EN00314,420
EN00315,421
EN00316,422
EN00317,423
EN00318,424
EN00319,425
EN00320,426
EN00321,427
EN00322,428
EN00323,429
EN00324,430
EN00325,431
EN00326,432
EN00327,433
EN00328,434
EN00329,435
EN00330,436
EN00331,437
EN00332,438
EN00333,439
EN00334,440
EN00335,441
EN00336,442
EN00337,443
EN00338,444
EN00339,445
EN00340,446
EN00341,447
EN00342,448
EN00343,449
EN00344,450
EN00345,451
EN00346,452
EN00347,453
EN00348,454
EN00349,455
EN00350,456
EN00351,457
EN00352,458
EN00353,459
EN00354,460
EN00355,461
EN00356,462
EN00357,463
EN00358,464
EN00359,465
EN00360,466
EN00362,467
EN00363,468
EN00364,469
EN00365,470
EN00366,471
EN00367,472
EN00368,473
EN00369,474
EN00370,475
EN00371,476
EN00372,477
EN00374,478
EN00375,479
EN00376,480
EN00377,481
EN00378,482
EN00379,483
EN00380,484
EN00381,485
EN00382,486
EN00383,487
EN00385,488
EN00386,489
EN00387,490
EN00388,491
EN00389,492
EN00390,493
EN00391,494
EN00392,495
EN00393,496
EN00394,497
EN00395,498
EN00396,499
EN00397,500
EN00398,501
EN00399,502
EN00400,503
EN00401,504
EN00402,505
EN00403,506
EN00404,507
EN00405,508
EN00406,509
EN00407,510
EN00408,511
EN00409,512
EN00410,513
EN00411,514
EN00412,515
EN00413,516
EN00414,517
EN00415,518
EN00416,519
EN00417,520
EN00418,521
EN00419,522
EN00420,523
EN00421,524
EN00422,525
EN00423,526
EN00424,527
EN00425,528
EN00426,529
EN00427,530
EN00428,531
EN00429,532
EN00430,533
EN00431,534
EN00432,535
EN00433,536
EN00434,537
EN00435,538
EN00436,539
EN00437,540
EN00438,541
EN00439,542
EN00440,543
EN00441,544
EN00442,545
EN00443,546
EN00444,547
EN00445,548
EN00446,549
EN00447,550
EN00448,551
EN00449,552
EN00450,553
EN00452,554
EN00453,555
EN00454,556
EN00455,557
EN00456,558
EN00457,559
EN00458,560
EN00459,561
EN00460,562
EN00461,563
EN00463,564
EN00464,565
EN00465,566
EN00466,567
EN00468,568
EN00469,569
EN00470,570
EN00471,571
EN00472,572
EN00473,573
EN00474,574
EN00475,575
EN00476,576
EN00477,577
EN00478,578
EN00479,579
EN00480,580
EN00481,581
EN00482,582
EN00483,583
EN00484,584
EN00485,585
EN00486,586
EN00487,587
EN00488,588
EN00489,589
EN00490,590
EN00491,591
EN00492,592
EN00493,593
EN00494,594
EN00495,595
EN00496,596
EN00497,597
EN00498,598
EN00499,599
EN00500,600
EN00502,601
EN00503,602
EN00504,603
EN00505,604
EN00506,605
EN00507,606
EN00508,607
EN00509,608
EN00510,609
EN00511,610
EN00512,611
EN00513,612
EN00514,613
EN00515,614
EN00518,615
EN00519,616
EN00520,617
EN00521,618
EN00522,619
EN00523,620
EN00524,621
EN00525,622
EN00526,623
EN00527,624
EN00528,625
EN00529,626
EN00530,627
EN00531,628
EN00532,629
EN00533,630
EN00534,631
EN00535,632
EN00536,633
EN00537,634
EN00538,635
EN00539,636
EN00540,637
EN00541,638
EN00542,639
EN00543,640
EN00544,641
EN00545,642
EN00546,643
EN00547,644
EN00548,645
EN00549,646
EN00550,647
EN00551,648
EN00552,649
EN00553,650
EN00554,651
EN00555,652
EN00556,653
EN00557,654
EN00558,655
EN00559,656
EN00560,657
EN00561,658
EN00562,659
EN00563,660
EN00564,661
EN00565,662
EN00566,663
EN00567,664
EN00568,665
EN00569,666
EN00570,667
EN00571,668
EN00572,669
EN00573,670
EN00574,671
EN00575,672
EN00576,673
EN00577,674
EN00578,675
EN00579,676
EN00580,677
EN00581,678
EN00583,679
EN00584,680
EN00585,681
EN00586,682
EN00587,683
EN00588,684
EN00589,685
EN00590,686
EN00591,687
EN00592,688
EN00593,689
EN00594,690
EN00595,691
EN00596,692
EN00598,693
EN00599,694
EN00600,695
EN00601,696
EN00602,697
EN00603,698
EN00604,699
EN00605,700
EN00606,701
EN00607,702
EN00608,703
EN00609,704
EN00610,705
EN00611,706
EN00612,707
EN00613,708
EN00614,709
EN00615,710
EN00616,711
EN00617,712
EN00618,713
EN00619,714
EN00620,715
EN00621,716
EN00622,717
EN00623,718
EN00624,719
EN00625,720
EN00626,721
EN00627,722
EN00628,723
EN00629,724
EN00630,725
EN00631,726
EN00632,727
EN00633,728
EN00634,729
EN00635,730
EN00636,731
EN00637,732
EN00638,733
EN00639,734
EN00640,735
EN00641,736
EN00642,737
EN00643,738
EN00644,739
EN00645,740
EN00646,741
EN00647,742
EN00648,743
EN00649,744
EN00650,745
EN00651,746
EN00652,747
EN00653,748
EN00654,749
EN00655,750
EN00656,751
EN00657,752
EN00658,753
EN00659,754
EN00660,755
EN00661,756
EN00662,757
EN00663,758
EN00664,759
EN00665,760
EN00666,761
EN00667,762
EN00668,763
EN00669,764
EN00670,765
EN00671,766
EN00672,767
EN00673,768
EN00674,769
EN00675,770
EN00676,771
EN00677,772
EN00678,773
EN00679,774
EN00680,775
EN00681,776
EN00682,777
EN00683,778
EN00684,779
EN00685,780
EN00687,781
EN00688,782
EN00689,783
EN00690,784
EN05022,785
EN05023,786
EN05024,787
EN05025,788
EN05026,789
EN05027,790
EN05028,791
EN05029,792
EN05030,793
EN05031,794
EN05032,795
EN05033,796
EN05034,797
EN05035,798
EN05036,799
EN05037,800
EN05038,801
EN05039,802
EN05042,803
EN05043,804
EN05044,805
EN05045,806
EN05046,807
EN05047,808
EN05048,809
EN05049,810
EN05050,811
EN05051,812
EN05052,813
EN05053,814
EN05055,815
EN05056,816
EN05057,817
EN05058,818
EN05059,819
EN05060,820
EN05061,821
EN05062,822
EN05063,823
EN05064,824
EN05065,825
EN05066,826
EN05067,827
EN05068,828
EN05069,829
EN05070,830
EN05071,831
EN05072,832
EN05073,833
EN05074,834
EN05075,835
EN05076,836
EN05077,837
EN05078,838
EN05079,839
EN05080,840
EN05081,841
EN05082,842
EN05083,843
EN05084,844
EN05085,845
EN05086,846
EN05087,847
EN05088,848
EN05089,849
EN05090,850
EN05092,851
EN05093,852
EN05094,853
EN05095,854
EN05096,855
EN05097,856
EN05099,857
EN05100,858
EN05101,859
EN05102,860
EN05103,861
EN05104,862
EN05105,863
EN05106,864
EN05107,865
EN05108,866
EN05109,867
EN05110,868
EN05111,869
EN05112,870
EN05113,871
EN05114,872
EN05115,873
EN05118,874
EN05119,875
EN05121,876
EN05123,877
EN05124,878
EN05125,879
EN05126,880
EN05127,881
EN05128,882
EN05129,883
EN05130,884
EN05132,885
EN05133,886
EN05136,887
EN05137,888
EN05138,889
EN05139,890
EN05141,891
EN05142,892
EN05143,893
EN05144,894
EN05145,895
EN05146,896
EN05147,897
EN05148,898
EN05149,899
EN05150,900
EN05151,901
EN05152,902
EN05153,903
EN05154,904
EN05155,905
EN05156,906
EN05157,907
EN05158,908
EN05159,909
EN05160,910
EN05161,911
EN05162,912
EN05163,913
EN05164,914
EN05165,915
EN05166,916
EN05167,917
EN05168,918
EN05169,919
EN05170,920
EN05171,921
EN05172,922
EN05173,923
EN05174,924
EN05175,925
EN05176,926
EN05177,927
EN05178,928
EN05179,929
EN05180,930
EN05181,931
EN05182,932
EN05183,933
EN05184,934
EN05185,935
EN05186,936
EN05187,937
EN05188,938
EN05189,939
EN05190,940
EN05191,941
EN05192,942
EN05193,943
EN05194,944
EN05195,945
EN05196,946
EN05197,947
EN05198,948
EN05199,949
EN05200,950
EN05201,951
EN05202,952
EN05204,953
EN05205,954
EN05206,955
EN05207,956
EN05208,957
EN05209,958
EN05210,959
EN05211,960
EN05212,961
EN05213,962
EN05214,963
EN05215,964
EN05216,965
EN05217,966
EN05218,967
EN05219,968
EN05220,969
EN05221,970
EN05222,971
EN05223,972
EN05224,973
EN05225,974
EN05226,975
EN05228,976
EN05229,977
EN05230,978
EN05231,979
EN05232,980
EN05233,981
EN05234,982
EN05235,983
EN05236,984
EN05237,985
EN05238,986
EN05240,987
EN05241,988
EN05243,989
EN05244,990
EN05245,991
EN05246,992
EN05247,993
EN05250,994
EN05251,995
EN05252,996
EN05253,997
EN05254,998
EN05255,999
EN05256,1000
EN05257,1001
EN05258,1002
EN05259,1003
EN05260,1004
EN05261,1005
EN05262,1006
EN05263,1007
EN05264,1008
EN05265,1009
EN05266,1010
EN05267,1011
EN05268,1012
EN05269,1013
EN05270,1014
EN05271,1015
EN05272,1016
EN05273,1017
EN05274,1018
EN05275,1019
EN05276,1020
EN05277,1021
EN05278,1022
EN05279,1023
EN05280,1024
EN05281,1025
EN05282,1026
EN05283,1027
EN05284,1028
EN05285,1029
EN05286,1030
EN05287,1031
EN05288,1032
EN05289,1033
EN05290,1034
EN05291,1035
EN05292,1036
EN05293,1037
EN05294,1038
EN05295,1039
EN05296,1040
EN05297,1041
EN05298,1042
EN05299,1043
EN05300,1044
EN05301,1045
EN05302,1046
EN05303,1047
EN05304,1048
EN05305,1049
EN05306,1050
EN05307,1051
EN05308,1052
EN05309,1053
EN05310,1054
EN05311,1055
EN05312,1056
EN05313,1057
EN05314,1058
EN05315,1059
EN05316,1060
EN05317,1061
EN05318,1062
EN05319,1063
EN05320,1064
EN05321,1065
EN05322,1066
EN05323,1067
EN05324,1068
EN05325,1069
EN05326,1070
EN05327,1071
EN05328,1072
EN05329,1073
EN05330,1074
EN05331,1075
EN05332,1076
EN05333,1077
EN05334,1078
EN05335,1079
EN05336,1080
EN05337,1081
EN05338,1082
EN05339,1083
EN05340,1084
EN05342,1085
EN05343,1086
EN05344,1087
EN05345,1088
EN05346,1089
EN05347,1090
EN05348,1091
EN05349,1092
EN05350,1093
EN05351,1094
EN05352,1095
EN05354,1096
EN05355,1097
EN05356,1098
EN05357,1099
EN05358,1100
EN05359,1101
EN05360,1102
EN05361,1103
EN05362,1104
EN05363,1105
EN05364,1106
EN05366,1107
EN05367,1108
EN05368,1109
EN05369,1110
EN05370,1111
EN05371,1112
EN05372,1113
EN05373,1114
GREEN-00020,1115
GREEN-00022,1116
GREEN-00023,1117
GREEN-00024,1118
GREEN-00025,1119
GREEN-00027,1120
GREEN-00028,1121
GREEN-00029,1122
GREEN-00031,1123
GREEN-00032,1124
GREEN-00033,1125
GREEN-00034,1126
GREEN-00035,1127
GREEN-00036,1128
GREEN-00037,1129
GREEN-00038,1130
GREEN-00039,1131
GREEN-00040,1132
GREEN-00041,1133
GREEN-00042,1134
GREEN-00043,1135
GREEN-00044,1136
GREEN-00046,1137
GREEN-00047,1138
GREEN-00048,1139
GREEN-00049,1140
GREEN-00050,1141
GREEN-00051,1142
GREEN-00052,1143
GREEN-00053,1144
GREEN-00054,1145
GREEN-00055,1146
GREEN-00056,1147
GREEN-00057,1148
GREEN-00058,1149
GREEN-00059,1150
GREEN-00060,1151
GREEN-00062,1152
GREEN-00063,1153
GREEN-00064,1154
GREEN-00065,1155
GREEN-00066,1156
GREEN-00067,1157
GREEN-00068,1158
GREEN-00069,1159
GREEN-00070,1160
GREEN-00071,1161
GREEN-00072,1162
GREEN-00073,1163
GREEN-00074,1164
GREEN-00075,1165
GREEN-00076,1166
GREEN-00077,1167
GREEN-00078,1168
GREEN-00079,1169
GREEN-00080,1170
GREEN-00081,1171
GREEN-00083,1172
GREEN-00085,1173
GREEN-00086,1174
GREEN-00087,1175
GREEN-00088,1176
GREEN-00090,1177
GREEN-00091,1178
GREEN-00093,1179
GREEN-00094,1180
GREEN-00095,1181
GREEN-00096,1182
GREEN-00097,1183
GREEN-00098,1184
GREEN-00099,1185
GREEN-00100,1186
GREEN-00101,1187
GREEN-00102,1188
GREEN-00103,1189
GREEN-00105,1190
GREEN-00106,1191
GREEN-00107,1192
GREEN-00108,1193
GREEN-00109,1194
GREEN-00110,1195
GREEN-00111,1196
GREEN-00112,1197
GREEN-00113,1198
GREEN-00114,1199
GREEN-00115,1200
GREEN-00116,1201
GREEN-00117,1202
GREEN-00118,1203
GREEN-00119,1204
GREEN-00120,1205
GREEN-00121,1206
GREEN-00122,1207
GREEN-00123,1208
GREEN-00124,1209
GREEN-00125,1210
GREEN-00126,1211
GREEN-00127,1212
GREEN-00128,1213
GREEN-00129,1214
GREEN-00130,1215
GREEN-00131,1216
GREEN-00132,1217
GREEN-00133,1218
GREEN-00134,1219
GREEN-00135,1220
GREEN-00136,1221
GREEN-00137,1222
GREEN-00138,1223
GREEN-00139,1224
GREEN-00140,1225
GREEN-00141,1226
GREEN-00142,1227
GREEN-00143,1228
GREEN-00144,1229
GREEN-00145,1230
GREEN-00146,1231
GREEN-00148,1232
GREEN-00149,1233
GREEN-00150,1234
GREEN-00151,1235
GREEN-00152,1236
GREEN-00155,1237
GREEN-00157,1238
GREEN-00158,1239
GREEN-00159,1240
GREEN-00160,1241
GREEN-00161,1242
GREEN-00162,1243
GREEN-00164,1244
GREEN-00165,1245
GREEN-00166,1246
GREEN-00167,1247
GREEN-00168,1248
GREEN-00171,1249
GREEN-00172,1250
GREEN-00173,1251
GREEN-00174,1252
GREEN-00175,1253
GREEN-00176,1254
GREEN-00177,1255
GREEN-00178,1256
GREEN-00179,1257
GREEN-00180,1258
GREEN-00181,1259
GREEN-00182,1260
GREEN-00183,1261
GREEN-00184,1262
GREEN-00185,1263
GREEN-00186,1264
GREEN-00187,1265
GREEN-00188,1266
GREEN-00189,1267
GREEN-00190,1268
GREEN-00191,1269
GREEN-00192,1270
GREEN-00193,1271
GREEN-00194,1272
GREEN-00195,1273
GREEN-00196,1274
GREEN-00197,1275
GREEN-00198,1276
GREEN-00199,1277
GREEN-00200,1278
GREEN-00201,1279
GREEN-00202,1280
GREEN-00203,1281
GREEN-00205,1282
GREEN-00206,1283
GREEN-00207,1284
GREEN-00208,1285
GREEN-00209,1286
GREEN-00210,1287
GREEN-00211,1288
GREEN-00212,1289
GREEN-00213,1290
GREEN-00214,1291
GREEN-00215,1292
GREEN-00217,1293
GREEN-00218,1294
GREEN-00219,1295
ORANGE-00010,1296
ORANGE-00011,1297
ORANGE-00012,1298
ORANGE-00013,1299
ORANGE-00014,1300
ORANGE-00015,1301
ORANGE-00016,1302
ORANGE-00017,1303
ORANGE-00018,1304
ORANGE-00019,1305
ORANGE-00020,1306
ORANGE-00021,1307
ORANGE-00023,1308
ORANGE-00024,1309
ORANGE-00026,1310
ORANGE-00027,1311
ORANGE-00028,1312
ORANGE-00030,1313
ORANGE-00031,1314
ORANGE-00032,1315
ORANGE-00033,1316
ORANGE-00035,1317
ORANGE-00036,1318
ORANGE-00037,1319
ORANGE-00038,1320
ORANGE-00039,1321
ORANGE-00040,1322
ORANGE-00041,1323
ORANGE-00042,1324
ORANGE-00043,1325
ORANGE-00044,1326
ORANGE-00045,1327
ORANGE-00046,1328
ORANGE-00047,1329
ORANGE-00048,1330
ORANGE-00049,1331
ORANGE-00050,1332
ORANGE-00051,1333
ORANGE-00054,1334
ORANGE-00055,1335
ORANGE-00056,1336
ORANGE-00057,1337
ORANGE-00058,1338
ORANGE-00059,1339
ORANGE-00060,1340
ORANGE-00061,1341
ORANGE-00062,1342
ORANGE-00063,1343
ORANGE-00064,1344
ORANGE-00065,1345
ORANGE-00066,1346
ORANGE-00067,1347
ORANGE-00068,1348
ORANGE-00069,1349
ORANGE-00070,1350
ORANGE-00071,1351
ORANGE-00072,1352
ORANGE-00073,1353
ORANGE-00074,1354
ORANGE-00075,1355
ORANGE-00076,1356
ORANGE-00077,1357
ORANGE-00078,1358
ORANGE-00079,1359
ORANGE-00080,1360
ORANGE-00081,1361
ORANGE-00082,1362
ORANGE-00083,1363
ORANGE-00084,1364
ORANGE-00085,1365
ORANGE-00086,1366
ORANGE-00087,1367
ORANGE-00088,1368
ORANGE-00089,1369
ORANGE-00090,1370
ORANGE-00091,1371
ORANGE-00092,1372
ORANGE-00093,1373
ORANGE-00094,1374
ORANGE-00096,1375
ORANGE-00097,1376
ORANGE-00098,1377
ORANGE-00099,1378
ORANGE-00100,1379
ORANGE-00101,1380
ORANGE-00102,1381
ORANGE-00103,1382
ORANGE-00104,1383
ORANGE-00105,1384
ORANGE-00106,1385
ORANGE-00107,1386
ORANGE-00108,1387
ORANGE-00109,1388
ORANGE-00110,1389
ORANGE-00111,1390
ORANGE-00112,1391
ORANGE-00113,1392
ORANGE-00114,1393
ORANGE-00115,1394
ORANGE-00116,1395
ORANGE-00117,1396
ORANGE-00118,1397
ORANGE-00119,1398
ORANGE-00120,1399
ORANGE-00121,1400
ORANGE-00122,1401
ORANGE-00123,1402
ORANGE-00124,1403
ORANGE-00125,1404
ORANGE-00126,1405
ORANGE-00127,1406
ORANGE-00128,1407
ORANGE-00129,1408
ORANGE-00130,1409
ORANGE-00131,1410
ORANGE-00132,1411
ORANGE-00133,1412
ORANGE-00134,1413
ORANGE-00135,1414
ORANGE-00136,1415
ORANGE-00137,1416
ORANGE-00138,1417
ORANGE-00140,1418
ORANGE-00141,1419
ORANGE-00142,1420
ORANGE-00143,1421
ORANGE-00144,1422
ORANGE-00145,1423
ORANGE-00146,1424
ORANGE-00147,1425
ORANGE-00148,1426
ORANGE-00149,1427
ORANGE-00150,1428
ORANGE-00151,1429
ORANGE-00152,1430
ORANGE-00153,1431
ORANGE-00154,1432
ORANGE-00155,1433
ORANGE-00156,1434
ORANGE-00157,1435
ORANGE-00158,1436
ORANGE-00159,1437
ORANGE-00160,1438
ORANGE-00161,1439
ORANGE-00162,1440
ORANGE-00163,1441
ORANGE-00164,1442
ORANGE-00165,1443
ORANGE-00166,1444
ORANGE-00167,1445
ORANGE-00168,1446
ORANGE-00172,1447
RED-00011,1448
RED-00012,1449
RED-00013,1450
RED-00014,1451
RED-00015,1452
RED-00016,1453
RED-00017,1454
RED-00018,1455
RED-00019,1456
RED-00020,1457
RED-00021,1458
RED-00022,1459
RED-00023,1460
RED-00024,1461
RED-00025,1462
RED-00026,1463
RED-00028,1464
RED-00029,1465
RED-00030,1466
RED-00031,1467
RED-00032,1468
RED-00033,1469
RED-00034,1470
RED-00035,1471
RED-00036,1472
RED-00037,1473
RED-00038,1474
RED-00039,1475
RED-00040,1476
RED-00041,1477
RED-00042,1478
RED-00043,1479
RED-00044,1480
RED-00045,1481
RED-00046,1482
RED-00047,1483
RED-00048,1484
RED-00049,1485
RED-00050,1486
RED-00051,1487
RED-00053,1488
RED-00054,1489
RED-00055,1490
RED-00056,1491
RED-00057,1492
RED-00058,1493
RED-00059,1494
RED-00060,1495
RED-00062,1496
RED-00063,1497
RED-00064,1498
RED-00068,1499
RED-00069,1500
RED-00070,1501
RED-00071,1502
RED-00072,1503
RED-00073,1504
RED-00074,1505
RED-00075,1506
RED-00076,1507
RED-00077,1508
RED-00078,1509
RED-00079,1510
RED-00080,1511
RED-00081,1512
RED-00082,1513
RED-00083,1514
RED-00084,1515
RED-00085,1516
RED-00086,1517
RED-00087,1518
RED-00089,1519
RED-00090,1520
RED-00091,1521
RED-00092,1522
RED-00093,1523
RED-00094,1524
RED-00095,1525
RED-00096,1526
RED-00097,1527
RED-00098,1528
RED-00099,1529
RED-00100,1530
RED-00101,1531
RED-00102,1532
RED-00103,1533
RED-00104,1534
RED-00105,1535
RED-00106,1536
RED-00108,1537
RED-00109,1538
RED-00110,1539
RED-00111,1540
RED-00112,1541
RED-00113,1542
RED-00114,1543
RED-00115,1544
RED-00116,1545
RED-00117,1546
RED-00118,1547
RED-00119,1548
RED-00120,1549
RED-00121,1550
RED-00122,1551
RED-00123,1552
RED-00124,1553
RED-00125,1554
RED-00126,1555
RED-00127,1556
RED-00128,1557
RED-00129,1558
RED-00130,1559
RED-00131,1560
RED-00133,1561
RED-00134,1562
RED-00135,1563
RED-00136,1564
RED-00137,1565
RED-00138,1566
RED-00139,1567
RED-00140,1568
RED-00141,1569
RED-00142,1570
RED-00143,1571
RED-00144,1572
RED-00145,1573
RED-00146,1574
RED-00147,1575
RED-00148,1576
RED-00149,1577
RED-00150,1578
RED-00151,1579
RED-00152,1580
RED-00153,1581
RED-00154,1582
RED-00165,1583
RED-00166,1584
RED-00167,1585
RED-00168,1586
RED-00169,1587
RED-00170,1588
RED-00171,1589
RED-00172,1590
RED-00173,1591
RED-00174,1592
RED-00175,1593
RED-00176,1594
RED-00177,1595
RED-00178,1596
RED-00179,1597
RED-00181,1598
RED-00182,1599
RED-00183,1600
RED-00184,1601
RED-00185,1602
RED-00186,1603
RED-00187,1604
RED-00188,1605
RED-00189,1606
RED-00190,1607
RED-00191,1608
RED-00192,1609
RED-00193,1610
RED-00194,1611
RED-00195,1612
RED-00196,1613
RED-00197,1614
RED-00199,1615
RED-00200,1616
RED-00201,1617
RED-00202,1618
RED-00203,1619
RED-00204,1620
RED-00205,1621
RED-00206,1622
RED-00207,1623
RED-00208,1624
RED-00209,1625
RED-00210,1626
RED-00211,1627
RED-00212,1628
RED-00213,1629
RED-00214,1630
RED-00215,1631
RED-00216,1632
RED-00217,1633
RED-00218,1634
RED-00219,1635
RED-00221,1636
RED-00222,1637
RED-00223,1638
RED-00224,1639
RED-00225,1640
RED-00226,1641
RED-00228,1642
RED-00229,1643
RED-00230,1644
RED-00231,1645
RED-00232,1646
RED-00233,1647
RED-00234,1648
RED-00235,1649
RED-00236,1650
RED-00237,1651
RED-00238,1652
RED-00239,1653
RED-00240,1654
RED-00241,1655
RED-00242,1656
RED-00243,1657
RED-00244,1658
RED-00245,1659
RED-00246,1660
RED-00247,1661
RED-00248,1662
RED-00249,1663
RED-00250,1664
RED-00251,1665
RED-00252,1666
RED-00253,1667
RED-00254,1668
RED-00255,1669
RED-00256,1670
RED-00257,1671
RED-00258,1672
RED-00259,1673
RED-00260,1674
RED-00261,1675
RED-00262,1676
RED-00263,1677
RED-00264,1678
RED-00265,1679
RED-00266,1680
RED-00267,1681
RED-00268,1682
RED-00269,1683
RED-00270,1684
YELLOW-00010,1685
YELLOW-00011,1686
YELLOW-00012,1687
YELLOW-00013,1688
YELLOW-00014,1689
YELLOW-00015,1690
YELLOW-00016,1691
YELLOW-00017,1692
YELLOW-00018,1693
YELLOW-00019,1694
YELLOW-00020,1695
YELLOW-00021,1696
YELLOW-00023,1697
YELLOW-00024,1698
YELLOW-00025,1699
YELLOW-00026,1700
YELLOW-00027,1701
YELLOW-00028,1702
YELLOW-00029,1703
YELLOW-00030,1704
YELLOW-00031,1705
YELLOW-00032,1706
YELLOW-00033,1707
YELLOW-00035,1708
YELLOW-00036,1709
YELLOW-00037,1710
YELLOW-00038,1711
YELLOW-00040,1712
YELLOW-00041,1713
YELLOW-00042,1714
YELLOW-00043,1715
YELLOW-00044,1716
YELLOW-00045,1717
YELLOW-00046,1718
YELLOW-00047,1719
YELLOW-00048,1720
YELLOW-00049,1721
YELLOW-00050,1722
YELLOW-00051,1723
YELLOW-00052,1724
YELLOW-00053,1725
YELLOW-00054,1726
YELLOW-00055,1727
YELLOW-00056,1728
YELLOW-00057,1729
YELLOW-00058,1730
YELLOW-00059,1731
YELLOW-00060,1732
YELLOW-00061,1733
YELLOW-00062,1734
YELLOW-00063,1735
YELLOW-00064,1736
YELLOW-00065,1737
YELLOW-00066,1738
YELLOW-00067,1739
YELLOW-00068,1740
YELLOW-00069,1741
YELLOW-00071,1742
YELLOW-00072,1743
YELLOW-00073,1744
YELLOW-00074,1745
YELLOW-00075,1746
YELLOW-00076,1747
YELLOW-00077,1748
YELLOW-00078,1749
YELLOW-00079,1750
YELLOW-00080,1751
YELLOW-00081,1752
YELLOW-00082,1753
YELLOW-00083,1754
YELLOW-00084,1755
YELLOW-00085,1756
YELLOW-00087,1757
YELLOW-00088,1758
YELLOW-00089,1759
YELLOW-00090,1760
YELLOW-00091,1761
YELLOW-00092,1762
YELLOW-00094,1763
YELLOW-00095,1764
YELLOW-00096,1765
YELLOW-00097,1766
YELLOW-00099,1767
YELLOW-00100,1768
YELLOW-00101,1769
YELLOW-00104,1770
YELLOW-00105,1771
YELLOW-00106,1772
YELLOW-00107,1773
YELLOW-00108,1774
YELLOW-00109,1775
YELLOW-00110,1776
YELLOW-00111,1777
YELLOW-00112,1778
YELLOW-00113,1779
YELLOW-00118,1780
YELLOW-00119,1781
YELLOW-00121,1782
YELLOW-00122,1783
YELLOW-00123,1784
YELLOW-00124,1785
YELLOW-00125,1786
YELLOW-00126,1787
YELLOW-00127,1788
YELLOW-00128,1789
YELLOW-00129,1790
YELLOW-00130,1791
YELLOW-00131,1792
YELLOW-00132,1793
YELLOW-00133,1794
YELLOW-00134,1795
YELLOW-00135,1796
YELLOW-00136,1797
YELLOW-00137,1798
YELLOW-00138,1799
YELLOW-00139,1800
YELLOW-00140,1801
YELLOW-00141,1802
YELLOW-00142,1803
YELLOW-00143,1804
YELLOW-00144,1805
YELLOW-00145,1806
YELLOW-00146,1807
YELLOW-00147,1808
YELLOW-00148,1809
YELLOW-00152,1810
YELLOW-00153,1811
YELLOW-00154,1812
YELLOW-00155,1813
YELLOW-00156,1814
YELLOW-00157,1815
YELLOW-00158,1816
YELLOW-00159,1817
YELLOW-00160,1818
YELLOW-00161,1819
YELLOW-00162,1820
YELLOW-00163,1821
YELLOW-00164,1822
YELLOW-00165,1823
YELLOW-00166,1824
YELLOW-00167,1825
YELLOW-00168,1826
YELLOW-00169,1827
YELLOW-00170,1828
YELLOW-00171,1829
YELLOW-00172,1830
YELLOW-00173,1831
YELLOW-00174,1832
YELLOW-00175,1833
YELLOW-00176,1834
YELLOW-00177,1835
YELLOW-00178,1836
YELLOW-00179,1837
YELLOW-00180,1838
YELLOW-00181,1839
YELLOW-00182,1840
YELLOW-00183,1841
YELLOW-00184,1842
YELLOW-00185,1843
YELLOW-00186,1844
YELLOW-00187,1845
YELLOW-00188,1846
YELLOW-00189,1847
YELLOW-00190,1848
YELLOW-00191,1849
YELLOW-00192,1850
YELLOW-00193,1851
YELLOW-00194,1852
YELLOW-00195,1853
YELLOW-00196,1854
YELLOW-00197,1855
YELLOW-00198,1856
YELLOW-00199,1857
YELLOW-00200,1858
YELLOW-00201,1859
YELLOW-00202,1860
YELLOW-00203,1861
YELLOW-00204,1862
YELLOW-00205,1863
YELLOW-00206,1864
YELLOW-00207,1865
YELLOW-00208,1866
YELLOW-00209,1867
YELLOW-00210,1868
YELLOW-00211,1869
YELLOW-00213,1870
YELLOW-00214,1871
YELLOW-00215,1872
YELLOW-00216,1873
YELLOW-00218,1874
YELLOW-00220,1875
YELLOW-00221,1876
YELLOW-00222,1877
YELLOW-00223,1878
YELLOW-00224,1879
YELLOW-00225,1880
YELLOW-00227,1881
YELLOW-00228,1882
YELLOW-00229,1883
YELLOW-00230,1884
YELLOW-00231,1885
YELLOW-00232,1886
YELLOW-00233,1887
YELLOW-00234,1888
YELLOW-00235,1889
YELLOW-00236,1890
YELLOW-00237,1891
YELLOW-00238,1892
YELLOW-00239,1893
YELLOW-00240,1894
YELLOW-00241,1895
YELLOW-00242,1896
YELLOW-00243,1897
YELLOW-00244,1898
YELLOW-00245,1899
YELLOW-00246,1900
YELLOW-00247,1901
YELLOW-00248,1902
YELLOW-00249,1903
YELLOW-00250,1904
YELLOW-00251,1905
YELLOW-00252,1906
YELLOW-00253,1907
YELLOW-00254,1908
YELLOW-00255,1909
YELLOW-00256,1910
YELLOW-00257,1911
YELLOW-00258,1912
YELLOW-00259,1913
YELLOW-00260,1914
YELLOW-00261,1915
YELLOW-00262,1916
YELLOW-00263,1917
YELLOW-00264,1918
