,sub,r2_actual_vs_model,r2_actual_vs_avg,r2_model_increase_from_avg,pmc_actual_vs_model,pmc_actual_vs_avg
0,13.0,-0.5239996837918972,-1.8382935669377147,1.3142938831458175,"PearsonRResult(statistic=0.3007655815580896, pvalue=0.36880293234096573)","PearsonRResult(statistic=nan, pvalue=nan)"
1,14.0,-0.0947778699937376,-0.0032730815819643766,-0.09150478841177323,"PearsonRResult(statistic=-0.005411042065164878, pvalue=0.9853528548097579)","PearsonRResult(statistic=nan, pvalue=nan)"
2,17.0,0.0,0.0,0.0,"PearsonRResult(statistic=nan, pvalue=nan)","PearsonRResult(statistic=nan, pvalue=nan)"
3,29.0,-3.704213575272293e+31,-1.2390152578597447e+31,-2.4651983174125482e+31,"PearsonRResult(statistic=nan, pvalue=nan)","PearsonRResult(statistic=nan, pvalue=nan)"
4,44.0,-0.17480162152922674,-0.9317208364827421,0.7569192149535153,"PearsonRResult(statistic=0.022324950014289992, pvalue=0.9370549114884915)","PearsonRResult(statistic=nan, pvalue=nan)"
5,73.0,-0.1777796460829637,-9.512789848886705e-05,-0.17768451818447484,"PearsonRResult(statistic=0.12361022049123578, pvalue=0.6607357897723887)","PearsonRResult(statistic=nan, pvalue=nan)"
6,77.0,0.0,0.0,0.0,"PearsonRResult(statistic=nan, pvalue=nan)","PearsonRResult(statistic=nan, pvalue=nan)"
7,95.0,0.0,0.0,0.0,"PearsonRResult(statistic=nan, pvalue=nan)","PearsonRResult(statistic=nan, pvalue=nan)"
8,96.0,-0.0562013618748185,-0.17981460662111726,0.12361324474629876,"PearsonRResult(statistic=0.24441210278457073, pvalue=0.39971694680165615)","PearsonRResult(statistic=nan, pvalue=nan)"
9,109.0,-1.0815581318028576e+31,-3.9044576908201746e+31,2.8228995590173168e+31,"PearsonRResult(statistic=nan, pvalue=nan)","PearsonRResult(statistic=nan, pvalue=nan)"
10,111.0,-0.9358398437500002,-0.9358398437500002,0.0,"PearsonRResult(statistic=nan, pvalue=nan)","PearsonRResult(statistic=nan, pvalue=nan)"
11,136.0,-1.5250636919931724e+32,-1.1036899146538287e+32,-4.213737773393437e+31,"PearsonRResult(statistic=nan, pvalue=nan)","PearsonRResult(statistic=nan, pvalue=nan)"
12,141.0,-1.3007187072725968,-0.33911670400988947,-0.9616020032627073,"PearsonRResult(statistic=0.04919116146153236, pvalue=0.8926543374844211)","PearsonRResult(statistic=nan, pvalue=nan)"
13,161.0,-2.3877121554396856,-1.4623542524005493,-0.9253579030391363,"PearsonRResult(statistic=-0.2049453484151419, pvalue=0.5017931858300642)","PearsonRResult(statistic=nan, pvalue=nan)"
14,166.0,-0.1807844618193315,-0.22282549654154704,0.04204103472221554,"PearsonRResult(statistic=-0.5246373029763202, pvalue=0.11949020761400819)","PearsonRResult(statistic=nan, pvalue=nan)"
15,167.0,-2.813098381202852,-1.091262975778546,-1.7218354054243061,"PearsonRResult(statistic=-0.03764327413844781, pvalue=0.8899188813771124)","PearsonRResult(statistic=nan, pvalue=nan)"
16,168.0,0.0864305236799422,-0.8202305627354225,0.9066610864153647,"PearsonRResult(statistic=0.3672037680598486, pvalue=0.16177690597905522)","PearsonRResult(statistic=nan, pvalue=nan)"
17,172.0,-0.5745698287724248,-0.17711218947842045,-0.39745763929400435,"PearsonRResult(statistic=0.1144132445556004, pvalue=0.6969318773261728)","PearsonRResult(statistic=nan, pvalue=nan)"
18,175.0,-0.39989823206913755,-1.0725446428571423,0.6726464107880048,"PearsonRResult(statistic=-0.31479538652259226, pvalue=0.3189603187158281)","PearsonRResult(statistic=nan, pvalue=nan)"
19,184.0,0.0,0.0,0.0,"PearsonRResult(statistic=nan, pvalue=nan)","PearsonRResult(statistic=nan, pvalue=nan)"
20,186.0,-0.8012364332854958,-0.1158968845205921,-0.6853395487649037,"PearsonRResult(statistic=-0.05044865055950912, pvalue=0.8640114433146335)","PearsonRResult(statistic=nan, pvalue=nan)"
21,194.0,-0.48994569056076864,-0.365768418773345,-0.12417727178742366,"PearsonRResult(statistic=-0.04113260212116429, pvalue=0.8990032378893348)","PearsonRResult(statistic=nan, pvalue=nan)"
22,196.0,-0.06822012396424593,-0.2352000000000003,0.16697987603575437,"PearsonRResult(statistic=0.422323658638593, pvalue=0.171424864631395)","PearsonRResult(statistic=nan, pvalue=nan)"
23,198.0,-0.7373582230623816,-0.7373582230623816,0.0,"PearsonRResult(statistic=nan, pvalue=nan)","PearsonRResult(statistic=nan, pvalue=nan)"
24,199.0,-0.4293994204916143,-0.35017528732535075,-0.07922413316626353,"PearsonRResult(statistic=-0.16233757886595884, pvalue=0.5480510537904342)","PearsonRResult(statistic=nan, pvalue=nan)"
25,207.0,-0.6904108768553399,-0.19549211462777993,-0.4949187622275599,"PearsonRResult(statistic=-0.1254677844959156, pvalue=0.6433661589052723)","PearsonRResult(statistic=nan, pvalue=nan)"
26,1299.0,-0.3174309733363041,-0.3174309733363041,0.0,"PearsonRResult(statistic=nan, pvalue=nan)","PearsonRResult(statistic=nan, pvalue=nan)"
27,1314.0,-0.06170124464204263,-0.1271704160250149,0.06546917138297226,"PearsonRResult(statistic=0.14941652879080017, pvalue=0.5950837974640754)","PearsonRResult(statistic=nan, pvalue=nan)"
28,1318.0,-7.06263575161178e+30,-5.542492337011502e+31,4.8362287618503235e+31,"PearsonRResult(statistic=nan, pvalue=nan)","PearsonRResult(statistic=nan, pvalue=nan)"
29,1341.0,-1.935892602331537,-0.6782979381998273,-1.2575946641317097,"PearsonRResult(statistic=-0.04479166878539056, pvalue=0.8844764340102707)","PearsonRResult(statistic=nan, pvalue=nan)"
30,1343.0,-19.456914827285207,-19.456914827285207,0.0,"PearsonRResult(statistic=nan, pvalue=nan)","PearsonRResult(statistic=nan, pvalue=nan)"
31,1349.0,-3.96353547364249,-3.96353547364249,0.0,"PearsonRResult(statistic=nan, pvalue=nan)","PearsonRResult(statistic=nan, pvalue=nan)"
32,1356.0,-0.9859670199074135,-0.000272478041078994,-0.9856945418663345,"PearsonRResult(statistic=-0.024875735873440455, pvalue=0.9271391901696493)","PearsonRResult(statistic=nan, pvalue=nan)"
33,1374.0,-1.525603957766092,-1.0666666666666669,-0.45893729109942516,"PearsonRResult(statistic=-0.4100653498557403, pvalue=0.11467677460636114)","PearsonRResult(statistic=nan, pvalue=nan)"
34,1390.0,0.0,0.0,0.0,"PearsonRResult(statistic=nan, pvalue=nan)","PearsonRResult(statistic=nan, pvalue=nan)"
35,1421.0,-3.932241288618598,-6.50892857142857,2.5766872828099725,"PearsonRResult(statistic=-0.1515554736273884, pvalue=0.5752749354816985)","PearsonRResult(statistic=nan, pvalue=nan)"
36,1426.0,0.0,0.0,0.0,"PearsonRResult(statistic=nan, pvalue=nan)","PearsonRResult(statistic=nan, pvalue=nan)"
37,1444.0,-0.00034722222222249854,-0.00034722222222249854,0.0,"PearsonRResult(statistic=nan, pvalue=nan)","PearsonRResult(statistic=nan, pvalue=nan)"
38,1447.0,0.0,0.0,0.0,"PearsonRResult(statistic=nan, pvalue=nan)","PearsonRResult(statistic=nan, pvalue=nan)"
39,1452.0,0.0,0.0,0.0,"PearsonRResult(statistic=nan, pvalue=nan)","PearsonRResult(statistic=nan, pvalue=nan)"
40,1454.0,-1.6129721390746954,-0.00015190386173391524,-1.6128202352129615,"PearsonRResult(statistic=0.11313006992594496, pvalue=0.7405047341467917)","PearsonRResult(statistic=nan, pvalue=nan)"
41,1455.0,-0.4322150537407552,-0.43983624932988974,0.007621195589134544,"PearsonRResult(statistic=-0.6176538395481794, pvalue=0.010786871325333802)","PearsonRResult(statistic=nan, pvalue=nan)"
42,1466.0,0.0,0.0,0.0,"PearsonRResult(statistic=nan, pvalue=nan)","PearsonRResult(statistic=nan, pvalue=nan)"
43,1467.0,-1.0372908731560004e+32,-4.4212337010684835e+31,-5.951675030491521e+31,"PearsonRResult(statistic=nan, pvalue=nan)","PearsonRResult(statistic=nan, pvalue=nan)"
44,1471.0,-1.03479993948195,-1.0493725531379123,0.014572613655962297,"PearsonRResult(statistic=-0.5258108738582697, pvalue=0.0534591744636075)","PearsonRResult(statistic=nan, pvalue=nan)"
45,1481.0,-0.587020863632743,-0.04432613439988953,-0.5426947292328534,"PearsonRResult(statistic=-0.3067274471425185, pvalue=0.24788202883223753)","PearsonRResult(statistic=nan, pvalue=nan)"
46,1488.0,0.05230709628277008,-0.6860851283628189,0.738392224645589,"PearsonRResult(statistic=0.3631088386698656, pvalue=0.24600178975766568)","PearsonRResult(statistic=nan, pvalue=nan)"
47,1494.0,-1.467740624535913e+32,-3.801816646835801e+31,-1.0875589598523329e+32,"PearsonRResult(statistic=nan, pvalue=nan)","PearsonRResult(statistic=nan, pvalue=nan)"
48,1496.0,-1.518341183190309,-0.8909090909090902,-0.6274320922812189,"PearsonRResult(statistic=-0.46050032255603945, pvalue=0.07265183008061929)","PearsonRResult(statistic=nan, pvalue=nan)"
49,1497.0,-0.4413814642650924,-0.8282846304086526,0.38690316614356024,"PearsonRResult(statistic=-0.14695541740736123, pvalue=0.6012307805640166)","PearsonRResult(statistic=nan, pvalue=nan)"
50,1504.0,-0.6979920023573527,-0.2562108876901674,-0.4417811146671853,"PearsonRResult(statistic=0.20770523019302056, pvalue=0.4761341059860182)","PearsonRResult(statistic=nan, pvalue=nan)"
51,1505.0,-0.07340951862210088,-0.07340951862210088,0.0,"PearsonRResult(statistic=nan, pvalue=nan)","PearsonRResult(statistic=nan, pvalue=nan)"
52,1506.0,-0.512249745390223,-0.512249745390223,0.0,"PearsonRResult(statistic=nan, pvalue=nan)","PearsonRResult(statistic=nan, pvalue=nan)"
53,1508.0,-1.4947055826558162,-0.8722867095280427,-0.6224188731277736,"PearsonRResult(statistic=0.1604814389092036, pvalue=0.5677658503067237)","PearsonRResult(statistic=nan, pvalue=nan)"
54,1521.0,-0.12523181154910357,-0.408976276901293,0.28374446535218945,"PearsonRResult(statistic=0.02044159769056908, pvalue=0.9401026869787127)","PearsonRResult(statistic=nan, pvalue=nan)"
55,1527.0,-0.40959999999999974,-0.40959999999999974,0.0,"PearsonRResult(statistic=nan, pvalue=nan)","PearsonRResult(statistic=nan, pvalue=nan)"
56,1534.0,-0.4270851308320882,-0.04563030663566092,-0.3814548241964273,"PearsonRResult(statistic=-0.21421011108569007, pvalue=0.5523313406724054)","PearsonRResult(statistic=nan, pvalue=nan)"
57,1538.0,-0.2622524301799356,-0.07813142323263778,-0.18412100694729783,"PearsonRResult(statistic=-0.19427165787885345, pvalue=0.4709311053044154)","PearsonRResult(statistic=nan, pvalue=nan)"
58,1553.0,-0.11727536494060575,-0.4198044659735347,0.30252910103292896,"PearsonRResult(statistic=0.35623763507240996, pvalue=0.28223672422638335)","PearsonRResult(statistic=nan, pvalue=nan)"
59,1563.0,-0.1023791652607875,-0.0005713315217392712,-0.10180783373904823,"PearsonRResult(statistic=-0.08673140280278058, pvalue=0.824416078510557)","PearsonRResult(statistic=nan, pvalue=nan)"
60,1564.0,-4.095800745191502,-4.095800745191502,0.0,"PearsonRResult(statistic=nan, pvalue=nan)","PearsonRResult(statistic=nan, pvalue=nan)"
61,1573.0,-0.6552391842274721,-0.7722681359044998,0.11702895167702776,"PearsonRResult(statistic=0.23236311882945795, pvalue=0.3864899566623231)","PearsonRResult(statistic=nan, pvalue=nan)"
62,1597.0,0.0,0.0,0.0,"PearsonRResult(statistic=nan, pvalue=nan)","PearsonRResult(statistic=nan, pvalue=nan)"
63,1616.0,-0.09555080745534639,-5.105494421276283,5.009943613820937,"PearsonRResult(statistic=nan, pvalue=nan)","PearsonRResult(statistic=nan, pvalue=nan)"
64,1617.0,-1.3509723140799519,-1.3509723140799519,0.0,"PearsonRResult(statistic=nan, pvalue=nan)","PearsonRResult(statistic=nan, pvalue=nan)"
65,1619.0,0.0,0.0,0.0,"PearsonRResult(statistic=nan, pvalue=nan)","PearsonRResult(statistic=nan, pvalue=nan)"
66,1629.0,-0.09422087124780165,-1.2561839671578272,1.1619630959100256,"PearsonRResult(statistic=0.24246800241378566, pvalue=0.42477645962680355)","PearsonRResult(statistic=nan, pvalue=nan)"
67,1633.0,-0.31714865211137444,-0.021584024234693855,-0.2955646278766806,"PearsonRResult(statistic=0.30894775953379505, pvalue=0.3043751664414939)","PearsonRResult(statistic=nan, pvalue=nan)"
68,1638.0,-0.4459076350415512,-0.4459076350415512,0.0,"PearsonRResult(statistic=nan, pvalue=nan)","PearsonRResult(statistic=nan, pvalue=nan)"
69,1639.0,-0.09483556253501635,-0.09483556253501635,0.0,"PearsonRResult(statistic=nan, pvalue=nan)","PearsonRResult(statistic=nan, pvalue=nan)"
70,1641.0,-2.902606310013718,-2.902606310013718,0.0,"PearsonRResult(statistic=nan, pvalue=nan)","PearsonRResult(statistic=nan, pvalue=nan)"
71,1646.0,0.0,0.0,0.0,"PearsonRResult(statistic=nan, pvalue=nan)","PearsonRResult(statistic=nan, pvalue=nan)"
72,1663.0,-0.5157605931221398,-1.8829191569676,1.3671585638454602,"PearsonRResult(statistic=-0.24729886554380226, pvalue=0.3557927985085527)","PearsonRResult(statistic=nan, pvalue=nan)"
73,1674.0,-0.7551967428623483,-0.11940298507462721,-0.6357937577877211,"PearsonRResult(statistic=-0.21774562612318868, pvalue=0.40116256036845094)","PearsonRResult(statistic=nan, pvalue=nan)"
74,1682.0,-0.1901687327823689,-0.1901687327823689,0.0,"PearsonRResult(statistic=nan, pvalue=nan)","PearsonRResult(statistic=nan, pvalue=nan)"
75,1697.0,-0.033452360451915686,-0.06035502958579886,0.026902669133883172,"PearsonRResult(statistic=0.18928230379657007, pvalue=0.48261677164952255)","PearsonRResult(statistic=nan, pvalue=nan)"
76,1699.0,-0.34482915717539875,-0.34482915717539875,0.0,"PearsonRResult(statistic=nan, pvalue=nan)","PearsonRResult(statistic=nan, pvalue=nan)"
77,1709.0,-0.42448314880308846,-0.1268378319069572,-0.2976453168961313,"PearsonRResult(statistic=-0.15075421150905374, pvalue=0.5917533657086661)","PearsonRResult(statistic=nan, pvalue=nan)"
78,1716.0,-0.5921036037826566,-0.35462628693675624,-0.23747731684590034,"PearsonRResult(statistic=-0.002002633431361589, pvalue=0.9941270898861105)","PearsonRResult(statistic=nan, pvalue=nan)"
79,1960.0,-0.11692131725503896,-0.20924190466610026,0.0923205874110613,"PearsonRResult(statistic=-0.0062399921397016216, pvalue=0.9823915495100087)","PearsonRResult(statistic=nan, pvalue=nan)"
80,1961.0,-0.4819707714872312,-0.08127243018056052,-0.4006983413066707,"PearsonRResult(statistic=0.08887884273298302, pvalue=0.7727812539316974)","PearsonRResult(statistic=nan, pvalue=nan)"
81,1965.0,-0.040827134076286464,-0.040827134076286464,0.0,"PearsonRResult(statistic=nan, pvalue=nan)","PearsonRResult(statistic=nan, pvalue=nan)"
82,1966.0,-2.581725243321731e+30,-3.8378892970623283e+31,3.579716772730155e+31,"PearsonRResult(statistic=nan, pvalue=nan)","PearsonRResult(statistic=nan, pvalue=nan)"
83,1967.0,-1.3887875750174632,-0.13890842013888927,-1.249879154878574,"PearsonRResult(statistic=-0.1670205186298619, pvalue=0.5518747340763929)","PearsonRResult(statistic=nan, pvalue=nan)"
84,1971.0,-0.2662602139620247,-0.005001653439153264,-0.26125856052287144,"PearsonRResult(statistic=-0.022656655217903637, pvalue=0.9414346173216048)","PearsonRResult(statistic=nan, pvalue=nan)"
85,1974.0,-4.3502189937808975,-4.546599388340396,0.1963803945594984,"PearsonRResult(statistic=-0.11306730918237021, pvalue=0.6882668077952013)","PearsonRResult(statistic=nan, pvalue=nan)"
86,1975.0,-0.30315877471080666,-0.008496624103406791,-0.29466215060739986,"PearsonRResult(statistic=-0.306890326597326, pvalue=0.28586019443283345)","PearsonRResult(statistic=nan, pvalue=nan)"
87,1976.0,-0.27998543125315245,-0.08860949799536089,-0.19137593325779156,"PearsonRResult(statistic=-0.5114487237055378, pvalue=0.06157752028368181)","PearsonRResult(statistic=nan, pvalue=nan)"
88,1981.0,-0.43470718833418265,-0.06295409402411356,-0.3717530943100691,"PearsonRResult(statistic=0.17654188231126, pvalue=0.5130776803666308)","PearsonRResult(statistic=nan, pvalue=nan)"
89,1982.0,-0.760609090909091,-0.760609090909091,0.0,"PearsonRResult(statistic=nan, pvalue=nan)","PearsonRResult(statistic=nan, pvalue=nan)"
90,1984.0,-0.2857142857142856,-0.2857142857142856,0.0,"PearsonRResult(statistic=nan, pvalue=nan)","PearsonRResult(statistic=nan, pvalue=nan)"
91,1986.0,0.04462314111427479,-0.05151527577823356,0.09613841689250835,"PearsonRResult(statistic=0.3523494757952861, pvalue=0.18074085250021996)","PearsonRResult(statistic=nan, pvalue=nan)"
92,1989.0,-0.20098525416062496,-0.4360849056603773,0.23509965149975232,"PearsonRResult(statistic=0.22822320537141771, pvalue=0.4325944015720729)","PearsonRResult(statistic=nan, pvalue=nan)"
93,1990.0,-0.3533996480704946,-0.3533996480704946,0.0,"PearsonRResult(statistic=nan, pvalue=nan)","PearsonRResult(statistic=nan, pvalue=nan)"
94,1991.0,-0.2155172413793105,-0.2155172413793105,0.0,"PearsonRResult(statistic=nan, pvalue=nan)","PearsonRResult(statistic=nan, pvalue=nan)"
95,1992.0,-2.6787228939306393,-2.6787228939306393,0.0,"PearsonRResult(statistic=nan, pvalue=nan)","PearsonRResult(statistic=nan, pvalue=nan)"
96,1993.0,-0.5900751556390407,-1.1014794685990332,0.5114043129599926,"PearsonRResult(statistic=0.022862829011415294, pvalue=0.9355412353466339)","PearsonRResult(statistic=nan, pvalue=nan)"
97,1995.0,-0.005434782608695565,-0.005434782608695565,0.0,"PearsonRResult(statistic=nan, pvalue=nan)","PearsonRResult(statistic=nan, pvalue=nan)"
98,1998.0,-0.2239862534542747,-0.09074985474159436,-0.13323639871268034,"PearsonRResult(statistic=0.1525387806611884, pvalue=0.6360164902923953)","PearsonRResult(statistic=nan, pvalue=nan)"
99,1999.0,0.0,0.0,0.0,"PearsonRResult(statistic=nan, pvalue=nan)","PearsonRResult(statistic=nan, pvalue=nan)"
100,2000.0,-5.174726046378605e+31,-5.174726046378605e+31,0.0,"PearsonRResult(statistic=nan, pvalue=nan)","PearsonRResult(statistic=nan, pvalue=nan)"
101,2001.0,-1.4153711937164761,-2.103987347436651,0.6886161537201749,"PearsonRResult(statistic=-0.05848524197584699, pvalue=0.8567258719035395)","PearsonRResult(statistic=nan, pvalue=nan)"
102,2002.0,0.0,0.0,0.0,"PearsonRResult(statistic=nan, pvalue=nan)","PearsonRResult(statistic=nan, pvalue=nan)"
103,2006.0,-0.013732910156250222,-0.013732910156250222,0.0,"PearsonRResult(statistic=nan, pvalue=nan)","PearsonRResult(statistic=nan, pvalue=nan)"
104,2008.0,-2.072766574945106e+31,-6.395343010968155e+31,4.322576436023049e+31,"PearsonRResult(statistic=nan, pvalue=nan)","PearsonRResult(statistic=nan, pvalue=nan)"
105,2009.0,1.0,1.0,0.0,"PearsonRResult(statistic=nan, pvalue=nan)","PearsonRResult(statistic=nan, pvalue=nan)"
106,2010.0,0.004116026611944323,-0.7716836734693879,0.7757997000813323,"PearsonRResult(statistic=0.37718332324497855, pvalue=0.16576950243131613)","PearsonRResult(statistic=nan, pvalue=nan)"
107,2011.0,-2.7167676767676765,-2.7167676767676765,0.0,"PearsonRResult(statistic=nan, pvalue=nan)","PearsonRResult(statistic=nan, pvalue=nan)"
108,2014.0,-0.07335069444444442,-0.07335069444444442,0.0,"PearsonRResult(statistic=nan, pvalue=nan)","PearsonRResult(statistic=nan, pvalue=nan)"
109,2016.0,-0.7241808293902603,-11.94771634615384,11.22353551676358,"PearsonRResult(statistic=-0.07914085801912508, pvalue=0.7792017775767747)","PearsonRResult(statistic=nan, pvalue=nan)"
110,2017.0,-2.6693183407971017,-3.45845734126984,0.7891390004727383,"PearsonRResult(statistic=-0.2864626357109934, pvalue=0.3666892746325576)","PearsonRResult(statistic=nan, pvalue=nan)"
111,2018.0,-7.447167597231314,-5.198833449877831,-2.248334147353483,"PearsonRResult(statistic=0.19192083875330496, pvalue=0.5718460998629298)","PearsonRResult(statistic=nan, pvalue=nan)"
112,2020.0,-0.01712247324613525,-0.01712247324613525,0.0,"PearsonRResult(statistic=nan, pvalue=nan)","PearsonRResult(statistic=nan, pvalue=nan)"
113,2021.0,-3.4162009512485136,-3.4162009512485136,0.0,"PearsonRResult(statistic=nan, pvalue=nan)","PearsonRResult(statistic=nan, pvalue=nan)"
114,2023.0,-0.06726563972343413,-0.1295147136699315,0.06224907394649737,"PearsonRResult(statistic=0.24519828939435462, pvalue=0.4674024810235157)","PearsonRResult(statistic=nan, pvalue=nan)"
115,2025.0,0.0,0.0,0.0,"PearsonRResult(statistic=nan, pvalue=nan)","PearsonRResult(statistic=nan, pvalue=nan)"
116,2026.0,-2.9508420792123893,-5.670340487616235,2.7194984084038456,"PearsonRResult(statistic=-0.1549541610173995, pvalue=0.6690599438969511)","PearsonRResult(statistic=nan, pvalue=nan)"
117,2027.0,-0.10145871690079034,-0.018789144050104456,-0.08266957285068588,"PearsonRResult(statistic=-0.08161187672574688, pvalue=0.7638201557106947)","PearsonRResult(statistic=nan, pvalue=nan)"
118,2031.0,-0.43483302411873814,-0.43483302411873814,0.0,"PearsonRResult(statistic=nan, pvalue=nan)","PearsonRResult(statistic=nan, pvalue=nan)"
119,2032.0,-1.3813886914212117,-2.3864337372029674,1.0050450457817557,"PearsonRResult(statistic=0.23426558458133218, pvalue=0.38250229241813843)","PearsonRResult(statistic=nan, pvalue=nan)"
120,2033.0,-0.2934519474561976,-1.0642954359122072,0.7708434884560096,"PearsonRResult(statistic=0.0879942694445273, pvalue=0.7551623293694489)","PearsonRResult(statistic=nan, pvalue=nan)"
121,2037.0,-2.3380919626772014,-6.91942513154634,4.581333168869139,"PearsonRResult(statistic=-0.39983982334119683, pvalue=0.1249155167486071)","PearsonRResult(statistic=nan, pvalue=nan)"
122,2039.0,-0.4869222038416041,-0.47876370083816866,-0.008158503003435458,"PearsonRResult(statistic=0.13795978803179976, pvalue=0.6103857413217696)","PearsonRResult(statistic=nan, pvalue=nan)"
123,2040.0,-0.12494586103301875,-0.15808387345678976,0.03313801242377101,"PearsonRResult(statistic=0.07420552417662762, pvalue=0.8009547255506265)","PearsonRResult(statistic=nan, pvalue=nan)"
124,2041.0,-0.1244940411618709,-0.10051169590643272,-0.023982345255438187,"PearsonRResult(statistic=-0.29386372165671965, pvalue=0.40986786698969147)","PearsonRResult(statistic=nan, pvalue=nan)"
125,2043.0,-0.8769820462616496,-3.239907727797002,2.3629256815353523,"PearsonRResult(statistic=0.046350219802322214, pvalue=0.8646547080828926)","PearsonRResult(statistic=nan, pvalue=nan)"
126,2044.0,-0.2463782081312944,-0.5437200285685133,0.2973418204372189,"PearsonRResult(statistic=-0.10611093787079634, pvalue=0.6957076921153413)","PearsonRResult(statistic=nan, pvalue=nan)"
127,2045.0,-0.06345406990361302,-0.08652963198417729,0.02307556208056427,"PearsonRResult(statistic=0.05817756321736775, pvalue=0.8305365537123073)","PearsonRResult(statistic=nan, pvalue=nan)"
128,2048.0,0.22946135028153303,-0.00020923897293156912,0.2296705892544646,"PearsonRResult(statistic=0.4824557209002358, pvalue=0.08059706160445843)","PearsonRResult(statistic=nan, pvalue=nan)"
129,2054.0,-0.2590685883214401,-0.7573535265591436,0.4982849382377035,"PearsonRResult(statistic=0.4578886071020474, pvalue=0.07450156792500265)","PearsonRResult(statistic=nan, pvalue=nan)"
130,2059.0,0.18862326276440555,-0.2199391171993912,0.40856237996379674,"PearsonRResult(statistic=0.517012986690005, pvalue=0.07041057675577514)","PearsonRResult(statistic=nan, pvalue=nan)"
131,2062.0,-9.008927336836283,-9.008927336836283,0.0,"PearsonRResult(statistic=nan, pvalue=nan)","PearsonRResult(statistic=nan, pvalue=nan)"
132,2063.0,0.0,0.0,0.0,"PearsonRResult(statistic=nan, pvalue=nan)","PearsonRResult(statistic=nan, pvalue=nan)"
133,2065.0,0.02549024625107743,-0.16408496382046178,0.1895752100715392,"PearsonRResult(statistic=0.26238068625838684, pvalue=0.3447945931314747)","PearsonRResult(statistic=nan, pvalue=nan)"
134,2068.0,0.0510354898968195,-0.000846513700156093,0.05188200359697559,"PearsonRResult(statistic=0.45120080210470925, pvalue=0.0793934505584753)","PearsonRResult(statistic=nan, pvalue=nan)"
135,2069.0,0.0,0.0,0.0,"PearsonRResult(statistic=nan, pvalue=nan)","PearsonRResult(statistic=nan, pvalue=nan)"
136,2070.0,-0.00570583262890989,-0.00570583262890989,0.0,"PearsonRResult(statistic=nan, pvalue=nan)","PearsonRResult(statistic=nan, pvalue=nan)"
137,2072.0,-0.2092620905451592,-0.2092620905451592,0.0,"PearsonRResult(statistic=nan, pvalue=nan)","PearsonRResult(statistic=nan, pvalue=nan)"
138,2073.0,-0.15802469135802477,-0.15802469135802477,0.0,"PearsonRResult(statistic=nan, pvalue=nan)","PearsonRResult(statistic=nan, pvalue=nan)"
139,2074.0,-0.432503862592152,-0.11893033075299098,-0.31357353183916103,"PearsonRResult(statistic=-0.3479412311610345, pvalue=0.2037897652104416)","PearsonRResult(statistic=nan, pvalue=nan)"
140,2075.0,-0.2147207619941245,-0.07023117277714142,-0.14448958921698307,"PearsonRResult(statistic=-0.03422915234798007, pvalue=0.9036100278785296)","PearsonRResult(statistic=nan, pvalue=nan)"
141,2077.0,-0.3869667658730156,-0.3869667658730156,0.0,"PearsonRResult(statistic=nan, pvalue=nan)","PearsonRResult(statistic=nan, pvalue=nan)"
142,2080.0,-16.823282877604168,-16.823282877604168,0.0,"PearsonRResult(statistic=nan, pvalue=nan)","PearsonRResult(statistic=nan, pvalue=nan)"
143,2083.0,-0.9319941642907372,-0.9171626984126984,-0.014831465878038852,"PearsonRResult(statistic=0.47226134184499097, pvalue=0.07548223203165022)","PearsonRResult(statistic=nan, pvalue=nan)"
144,2085.0,-0.2292392370030547,-1.1655923473142025,0.9363531103111478,"PearsonRResult(statistic=0.2788246390131822, pvalue=0.2956760171378521)","PearsonRResult(statistic=nan, pvalue=nan)"
145,2086.0,-29.940597992805127,-220.27369183885827,190.33309384605315,"PearsonRResult(statistic=0.12252922221102043, pvalue=0.6635408210770485)","PearsonRResult(statistic=nan, pvalue=nan)"
146,2090.0,-3.159828515027673e+32,-7.098446879634631e+31,-2.44998382706421e+32,"PearsonRResult(statistic=nan, pvalue=nan)","PearsonRResult(statistic=nan, pvalue=nan)"
147,2091.0,-0.4427594711122149,-1.7855259268949744,1.3427664557827594,"PearsonRResult(statistic=0.3515181870374544, pvalue=0.23888566085154217)","PearsonRResult(statistic=nan, pvalue=nan)"
148,2093.0,-0.2134673081547538,-0.1174590755010334,-0.09600823265372038,"PearsonRResult(statistic=-0.21047700826337, pvalue=0.4339557258980383)","PearsonRResult(statistic=nan, pvalue=nan)"
149,2097.0,0.03330256224659478,-0.26041666666666674,0.2937192289132615,"PearsonRResult(statistic=0.48289146263738, pvalue=0.1324448737272452)","PearsonRResult(statistic=nan, pvalue=nan)"
150,2098.0,-0.18202887832535097,-0.030704941860465462,-0.1513239364648855,"PearsonRResult(statistic=-0.2567954629684176, pvalue=0.35553367147813364)","PearsonRResult(statistic=nan, pvalue=nan)"
151,2099.0,-0.9306852832479662,-0.008054123711340067,-0.9226311595366261,"PearsonRResult(statistic=-0.3614045350743975, pvalue=0.1856508687909139)","PearsonRResult(statistic=nan, pvalue=nan)"
152,2101.0,-0.8174918215264002,-0.06761559822392926,-0.749876223302471,"PearsonRResult(statistic=0.14919022072061558, pvalue=0.5956479801941532)","PearsonRResult(statistic=nan, pvalue=nan)"
153,2102.0,-0.21946418685589109,-0.12740247888725365,-0.09206170796863744,"PearsonRResult(statistic=0.061648582569231766, pvalue=0.8656550856635821)","PearsonRResult(statistic=nan, pvalue=nan)"
154,2104.0,-0.4079896106624963,-0.23836223899884357,-0.16962737166365272,"PearsonRResult(statistic=0.09250102997946066, pvalue=0.7333130046433494)","PearsonRResult(statistic=nan, pvalue=nan)"
155,2105.0,-1.7753773216911206,-1.7753773216911206,0.0,"PearsonRResult(statistic=nan, pvalue=nan)","PearsonRResult(statistic=nan, pvalue=nan)"
156,2109.0,-0.05597256515775029,-0.05597256515775029,0.0,"PearsonRResult(statistic=nan, pvalue=nan)","PearsonRResult(statistic=nan, pvalue=nan)"
157,2110.0,-0.3721607791650381,-3.5856573564303567,3.2134965772653183,"PearsonRResult(statistic=0.20552539728235247, pvalue=0.4450922632248241)","PearsonRResult(statistic=nan, pvalue=nan)"
158,2111.0,-1.5955037260661125,-1.3389932089526457,-0.25651051711346673,"PearsonRResult(statistic=0.32938084524705724, pvalue=0.21284694699839538)","PearsonRResult(statistic=nan, pvalue=nan)"
159,2113.0,-1.4718358439116361,-3.018067375062005,1.5462315311503687,"PearsonRResult(statistic=0.13345178231456417, pvalue=0.6222107330623128)","PearsonRResult(statistic=nan, pvalue=nan)"
160,2114.0,-0.1956667443812763,-3.486531905140369,3.290865160759093,"PearsonRResult(statistic=-0.14313711595530365, pvalue=0.6571954727854832)","PearsonRResult(statistic=nan, pvalue=nan)"
161,2116.0,0.07270983578547108,-0.06858634137175446,0.14129617715722553,"PearsonRResult(statistic=0.399945907406893, pvalue=0.17571543482085628)","PearsonRResult(statistic=nan, pvalue=nan)"
162,2118.0,-0.7264242524194913,-0.037812499999999805,-0.6886117524194915,"PearsonRResult(statistic=-0.3033394336758865, pvalue=0.33782784060657955)","PearsonRResult(statistic=nan, pvalue=nan)"
163,2120.0,0.0807323539910697,-0.0930521257285053,0.173784479719575,"PearsonRResult(statistic=0.44064071998594007, pvalue=0.1148023381822099)","PearsonRResult(statistic=nan, pvalue=nan)"
164,2123.0,0.0,0.0,0.0,"PearsonRResult(statistic=nan, pvalue=nan)","PearsonRResult(statistic=nan, pvalue=nan)"
165,2127.0,-2.2062887100621156,-1.3394170168067223,-0.8668716932553933,"PearsonRResult(statistic=0.3498175949957831, pvalue=0.18411314506830478)","PearsonRResult(statistic=nan, pvalue=nan)"
166,2129.0,-0.7588886153780399,-0.3046296958078052,-0.4542589195702347,"PearsonRResult(statistic=-0.058491066306489925, pvalue=0.8643627009482349)","PearsonRResult(statistic=nan, pvalue=nan)"
167,2130.0,-1.0427672060584396,-0.7377198682215609,-0.30504733783687876,"PearsonRResult(statistic=-0.3483802668628079, pvalue=0.222203915985062)","PearsonRResult(statistic=nan, pvalue=nan)"
168,2131.0,-0.3400611388999315,-0.07482139204886051,-0.265239746851071,"PearsonRResult(statistic=-0.13056316213235783, pvalue=0.6298339096540919)","PearsonRResult(statistic=nan, pvalue=nan)"
169,2133.0,-0.800193552419838,-0.05894408554243702,-0.741249466877401,"PearsonRResult(statistic=-0.37452182689772007, pvalue=0.15294416618223278)","PearsonRResult(statistic=nan, pvalue=nan)"
170,2135.0,-0.4917897817644066,-0.3804531521267358,-0.11133662963767077,"PearsonRResult(statistic=0.22368826161119293, pvalue=0.5084880057409958)","PearsonRResult(statistic=nan, pvalue=nan)"
171,2136.0,-0.013985191120607698,-0.013985191120607698,0.0,"PearsonRResult(statistic=nan, pvalue=nan)","PearsonRResult(statistic=nan, pvalue=nan)"
172,2140.0,-0.3415158423853837,-0.3415158423853837,0.0,"PearsonRResult(statistic=nan, pvalue=nan)","PearsonRResult(statistic=nan, pvalue=nan)"
173,2142.0,-3.3403704862295984e+31,-6.505268036930539e+31,3.164897550700941e+31,"PearsonRResult(statistic=nan, pvalue=nan)","PearsonRResult(statistic=nan, pvalue=nan)"
174,2143.0,-0.39551187730174675,-0.004031070402298553,-0.3914808068994482,"PearsonRResult(statistic=-0.0041654013544367725, pvalue=0.9882453111125723)","PearsonRResult(statistic=nan, pvalue=nan)"
175,2144.0,-3.475246206274082e+31,-8.934812983303862e+31,5.45956677702978e+31,"PearsonRResult(statistic=nan, pvalue=nan)","PearsonRResult(statistic=nan, pvalue=nan)"
176,2149.0,0.0,0.0,0.0,"PearsonRResult(statistic=nan, pvalue=nan)","PearsonRResult(statistic=nan, pvalue=nan)"
177,2151.0,-3.4653971186545016,-0.0087528935185186,-3.456644225135983,"PearsonRResult(statistic=0.1301823488044919, pvalue=0.6437732651611002)","PearsonRResult(statistic=nan, pvalue=nan)"
178,2157.0,-0.987179873894372,-0.3209440001316477,-0.6662358737627243,"PearsonRResult(statistic=0.024316276085329633, pvalue=0.9434256523423232)","PearsonRResult(statistic=nan, pvalue=nan)"
179,2159.0,0.14922155289461492,-0.05454094927750153,0.20376250217211644,"PearsonRResult(statistic=0.5118998651295881, pvalue=0.1303921067613463)","PearsonRResult(statistic=nan, pvalue=nan)"
180,2162.0,-0.04019347009265117,-0.04019347009265117,0.0,"PearsonRResult(statistic=nan, pvalue=nan)","PearsonRResult(statistic=nan, pvalue=nan)"
181,2163.0,-0.10015515878814907,-0.00661375661375696,-0.09354140217439211,"PearsonRResult(statistic=0.09180634690455339, pvalue=0.744874027487426)","PearsonRResult(statistic=nan, pvalue=nan)"
182,2165.0,-3.7046647760149055e+31,-3.7046647760149055e+31,0.0,"PearsonRResult(statistic=nan, pvalue=nan)","PearsonRResult(statistic=nan, pvalue=nan)"
183,2167.0,-0.9847610995341076,-0.4683917676664997,-0.5163693318676079,"PearsonRResult(statistic=0.12960957409844595, pvalue=0.6452452552944189)","PearsonRResult(statistic=nan, pvalue=nan)"
184,2168.0,0.09266856859426242,-0.022650857217886955,0.11531942581214938,"PearsonRResult(statistic=0.3235967197938179, pvalue=0.2807916843837446)","PearsonRResult(statistic=nan, pvalue=nan)"
185,2169.0,-0.3895787679571463,-0.3895787679571463,0.0,"PearsonRResult(statistic=nan, pvalue=nan)","PearsonRResult(statistic=nan, pvalue=nan)"
186,2170.0,-0.24158244711584476,-0.24158244711584476,0.0,"PearsonRResult(statistic=nan, pvalue=nan)","PearsonRResult(statistic=nan, pvalue=nan)"
187,2172.0,-0.06363339441733995,-0.26276354053326045,0.1991301461159205,"PearsonRResult(statistic=0.2924949392012671, pvalue=0.3562289256294181)","PearsonRResult(statistic=nan, pvalue=nan)"
188,2173.0,-1.5151258576859892,-0.6122881355932199,-0.9028377220927692,"PearsonRResult(statistic=-0.5283141663118474, pvalue=0.052127767342583294)","PearsonRResult(statistic=nan, pvalue=nan)"
189,2177.0,-0.442470474087457,-0.442470474087457,0.0,"PearsonRResult(statistic=nan, pvalue=nan)","PearsonRResult(statistic=nan, pvalue=nan)"
190,2178.0,-7.675242336442643,-8.872082763991768,1.196840427549125,"PearsonRResult(statistic=0.20692856529892156, pvalue=0.4419218415219903)","PearsonRResult(statistic=nan, pvalue=nan)"
191,2179.0,-0.003487654320987854,-0.003487654320987854,0.0,"PearsonRResult(statistic=nan, pvalue=nan)","PearsonRResult(statistic=nan, pvalue=nan)"
192,2180.0,-3.945117708422483e+31,-3.945117708422483e+31,0.0,"PearsonRResult(statistic=nan, pvalue=nan)","PearsonRResult(statistic=nan, pvalue=nan)"
193,2182.0,-16.174070686954643,-5.81888525675508,-10.355185430199562,"PearsonRResult(statistic=-0.06166155541025152, pvalue=0.8205375313666823)","PearsonRResult(statistic=nan, pvalue=nan)"
194,2185.0,0.0,0.0,0.0,"PearsonRResult(statistic=nan, pvalue=nan)","PearsonRResult(statistic=nan, pvalue=nan)"
195,2186.0,-2.0549510787401575,-2.0549510787401575,0.0,"PearsonRResult(statistic=nan, pvalue=nan)","PearsonRResult(statistic=nan, pvalue=nan)"
196,2188.0,-0.2637242651188916,-0.18075308641975307,-0.0829711786991385,"PearsonRResult(statistic=0.3044981793626875, pvalue=0.2898251857341595)","PearsonRResult(statistic=nan, pvalue=nan)"
197,2191.0,-0.227312723795573,-0.227312723795573,0.0,"PearsonRResult(statistic=nan, pvalue=nan)","PearsonRResult(statistic=nan, pvalue=nan)"
